Estação;Coleção;SKU;Categoria;Cor;Comprado;Faturado;Chegou;Vendido (est.);Sobrou
INVERNO 2025;INVERNO 2 + MÃES;A.02695.0026.0435;SANDÁLIA SALTO MÉDIO;PLATINO;8;8;8;0;8
INVERNO 2025;INVERNO 2 + MÃES;A.02695.0026.0381;SANDÁLIA SALTO MÉDIO;PRATA VELHO;9;9;9;2;7
INVERNO 2025;INVERNO 2 + MÃES;A.02695.0026.0436;SANDÁLIA SALTO MÉDIO;PRATA VELHO;9;9;9;3;6
INVERNO 2025;INVERNO 2 + MÃES;A.13669.0004.0002;FECHADO SALTO RASTEIRO;URBAN CAMEL;12;12;12;7;5
INVERNO 2025;INVERNO 2 + MÃES;A.02695.0686.0001;SANDÁLIA SALTO MÉDIO;PLATINO;9;9;9;4;5
INVERNO 2025;INVERNO 2 + MÃES;A.02695.0683.0001;SANDÁLIA SALTO MÉDIO;PLATINO/SILVER/COBRE;9;9;9;5;4
INVERNO 2025;INVERNO 2 + MÃES;A.13770.0001.0001;SANDÁLIA SALTO MÉDIO;ORANGE RED;9;9;9;5;4
INVERNO 2025;INVERNO 2 + MÃES;A.13614.0001.0008;SANDÁLIA SALTO BAIXO;HOT PEPPER METAL;9;9;9;5;4
INVERNO 2025;INVERNO 2 + MÃES;A.03274.0117.0043;SANDÁLIA SALTO RASTEIRO;HOT PEPPER METAL;12;12;12;9;3
INVERNO 2025;INVERNO 2 + MÃES;A.10253.0001.0328;FECHADO SALTO MÉDIO;WINTER COGNAC;12;12;12;9;3
INVERNO 2025;INVERNO 2 + MÃES;A.12030.0001.0057;FECHADO SALTO RASTEIRO;PRATA VELHO;12;12;12;9;3
INVERNO 2025;INVERNO 2 + MÃES;A.02695.0026.0371;SANDÁLIA SALTO MÉDIO;PLATINO;9;9;9;6;3
INVERNO 2025;INVERNO 2 + MÃES;A.11218.0030.0008;FECHADO SALTO RASTEIRO;BRANCO;9;9;9;6;3
INVERNO 2025;INVERNO 2 + MÃES;A.10281.0242.0055;SANDÁLIA SALTO ALTO;NEW HAZELNUT;9;9;9;6;3
INVERNO 2025;INVERNO 2 + MÃES;A.13754.0001.0002;FECHADO SALTO MÉDIO;GRAPE BROWN;9;9;9;6;3
INVERNO 2025;INVERNO 2 + MÃES;A.11699.0002.0028;SANDÁLIA SALTO MÉDIO;PRETO;9;9;9;6;3
INVERNO 2025;INVERNO 2 + MÃES;A.13754.0001.0003;FECHADO SALTO MÉDIO;NEW HAZENUT;9;9;9;6;3
INVERNO 2025;INVERNO 2 + MÃES;A.12463.0062.0001;SANDÁLIA SALTO MÉDIO;PRETO;8;8;8;5;3
INVERNO 2025;INVERNO 2 + MÃES;A.10055.0683.0019;SANDÁLIA SALTO MÉDIO;PRATA VELHO;6;6;6;3;3
INVERNO 2025;INVERNO 2 + MÃES;A.13244.0002.0001;FECHADO SALTO RASTEIRO;PRETO;6;6;6;3;3
INVERNO 2025;INVERNO 2 + MÃES;A.10055.0683.0013;SANDÁLIA SALTO MÉDIO;TRUE SAND;4;4;4;1;3
INVERNO 2025;INVERNO 2 + MÃES;A.04485.0666.0042;SANDÁLIA SALTO RASTEIRO;WINTER COGNAC;12;12;12;10;2
INVERNO 2025;INVERNO 2 + MÃES;A.13157.0001.0033;SANDÁLIA SALTO RASTEIRO;NEW HAZELNUT;12;12;12;10;2
INVERNO 2025;INVERNO 2 + MÃES;A.13734.0004.0001;BOTA SALTO BAIXO;PRETO;12;12;12;10;2
INVERNO 2025;INVERNO 2 + MÃES;A.04485.0666.0041;SANDÁLIA SALTO RASTEIRO;NEW HAZELNUT;12;12;12;10;2
INVERNO 2025;INVERNO 2 + MÃES;A.13723.0008.0002;BOTA SALTO BAIXO;PRETO;12;12;12;10;2
INVERNO 2025;INVERNO 2 + MÃES;A.13249.0007.0003;FECHADO SALTO ALTO;FRESH RUBY;9;9;9;7;2
INVERNO 2025;INVERNO 2 + MÃES;A.13776.0001.0002;SANDÁLIA SALTO ALTO;FRESH RUBY;9;9;9;7;2
INVERNO 2025;INVERNO 2 + MÃES;A.10055.0683.0056;SANDÁLIA SALTO MÉDIO;WINTER COGNAC;9;9;9;7;2
INVERNO 2025;INVERNO 2 + MÃES;A.13250.0018.0004;FECHADO SALTO RASTEIRO;PRETO;9;9;9;7;2
INVERNO 2025;INVERNO 2 + MÃES;A.13597.0005.0002;SANDÁLIA SALTO ALTO;PLATINO;9;9;9;7;2
INVERNO 2025;INVERNO 2 + MÃES;A.13773.0001.0003;SANDÁLIA SALTO BAIXO;PRETO;9;9;9;7;2
INVERNO 2025;INVERNO 2 + MÃES;A.11699.0002.0034;SANDÁLIA SALTO MÉDIO;NEW HAZELNUT;9;9;9;7;2
INVERNO 2025;INVERNO 2 + MÃES;A.13614.0001.0007;SANDÁLIA SALTO BAIXO;PRATA VELHO;9;9;9;7;2
INVERNO 2025;INVERNO 2 + MÃES;A.13617.0007.0002;SANDÁLIA SALTO MÉDIO;WINTER COGNAC;9;9;9;7;2
INVERNO 2025;INVERNO 2 + MÃES;A.13735.0001.0005;BOTA SALTO BAIXO;WARM CARAMEL;9;9;9;7;2
INVERNO 2025;INVERNO 2 + MÃES;A.13767.0005.0001;SANDÁLIA SALTO MÉDIO;WINE BERRY;9;9;9;7;2
INVERNO 2025;INVERNO 2 + MÃES;A.10055.0683.0058;SANDÁLIA SALTO MÉDIO;FRESH RUBY;9;9;9;7;2
INVERNO 2025;INVERNO 2 + MÃES;A.12930.0052.0002;FECHADO SALTO MÉDIO;NEW HAZEL/GRAP BROW/PLAT/NE TAUP/FA BLUS;9;9;9;7;2
INVERNO 2025;INVERNO 2 + MÃES;A.13769.0001.0003;FECHADO SALTO BAIXO;FRESH RUBY;7;7;7;5;2
INVERNO 2025;INVERNO 2 + MÃES;A.04485.0666.0014;SANDÁLIA SALTO RASTEIRO;PRETO;6;6;6;4;2
INVERNO 2025;INVERNO 2 + MÃES;A.43000.0249.0024;FINO;ORANGE RED;3;3;3;1;2
INVERNO 2025;INVERNO 2 + MÃES;A.40011.0363.0002;NEUTRAL MÉDIA;DARK PEWTER;2;2;2;0;2
INVERNO 2025;INVERNO 2 + MÃES;A.40011.0366.0003;NEUTRAL MÉDIA;FRESH RUBI;2;2;2;0;2
INVERNO 2025;INVERNO 2 + MÃES;A.43000.0667.0001;LARGO;PRETO;2;2;2;0;2
INVERNO 2025;INVERNO 2 + MÃES;A.50023.0503.0099;PEQUENA;PLATINO;2;2;2;0;2
INVERNO 2025;INVERNO 2 + MÃES;A.13740.0001.0003;FECHADO SALTO ALTO;FRESH RUBY;12;12;12;11;1
INVERNO 2025;INVERNO 2 + MÃES;A.12757.0158.0001;FECHADO SALTO BAIXO;PRETO;12;12;12;11;1
INVERNO 2025;INVERNO 2 + MÃES;A.13734.0001.0002;BOTA SALTO BAIXO;GRAPE BROWN;12;12;12;11;1
INVERNO 2025;INVERNO 2 + MÃES;A.13617.0007.0001;SANDÁLIA SALTO MÉDIO;PRETO;12;12;12;11;1
INVERNO 2025;INVERNO 2 + MÃES;A.12757.0164.0003;FECHADO SALTO BAIXO;NEW HAZELNUT;12;12;12;11;1
INVERNO 2025;INVERNO 2 + MÃES;A.13621.0001.0007;FECHADO SALTO RASTEIRO;PRETO;12;12;12;11;1
INVERNO 2025;INVERNO 2 + MÃES;A.13694.0002.0001;FECHADO SALTO ALTO;PRETO;12;12;12;11;1
INVERNO 2025;INVERNO 2 + MÃES;A.13758.0002.0004;SANDÁLIA SALTO MÉDIO;GRAPE BROWN;9;9;9;8;1
INVERNO 2025;INVERNO 2 + MÃES;A.13758.0002.0003;SANDÁLIA SALTO MÉDIO;PLATINO;9;9;9;8;1
INVERNO 2025;INVERNO 2 + MÃES;A.02695.0682.0008;SANDÁLIA SALTO MÉDIO;PLATINO;9;9;9;8;1
INVERNO 2025;INVERNO 2 + MÃES;A.11965.0043.0002;SANDÁLIA SALTO ALTO;FRESH RUBY;9;9;9;8;1
INVERNO 2025;INVERNO 2 + MÃES;A.12463.0062.0002;SANDÁLIA SALTO MÉDIO;WINE BERRY;9;9;9;8;1
INVERNO 2025;INVERNO 2 + MÃES;A.13767.0007.0002;SANDÁLIA SALTO MÉDIO;WINTER COGNAC;9;9;9;8;1
INVERNO 2025;INVERNO 2 + MÃES;A.02695.0682.0001;SANDÁLIA SALTO MÉDIO;PRETO;9;9;9;8;1
INVERNO 2025;INVERNO 2 + MÃES;A.11338.0074.0001;SANDÁLIA SALTO MÉDIO;PRETO;9;9;9;8;1
INVERNO 2025;INVERNO 2 + MÃES;A.13767.0005.0003;SANDÁLIA SALTO MÉDIO;PRETO;9;9;9;8;1
INVERNO 2025;INVERNO 2 + MÃES;A.13771.0001.0003;SANDÁLIA SALTO MÉDIO;PRETO;9;9;9;8;1
INVERNO 2025;INVERNO 2 + MÃES;A.10253.0001.0284;FECHADO SALTO MÉDIO;PRETO;9;9;9;8;1
INVERNO 2025;INVERNO 2 + MÃES;A.02695.0681.0002;SANDÁLIA SALTO MÉDIO;WINE BERRY;8;8;8;7;1
INVERNO 2025;INVERNO 2 + MÃES;A.13615.0005.0001;SANDÁLIA SALTO ALTO;PRETO;6;6;6;5;1
INVERNO 2025;INVERNO 2 + MÃES;A.03762.0454.0013;SANDÁLIA SALTO RASTEIRO;PRETO;6;6;6;5;1
INVERNO 2025;INVERNO 2 + MÃES;A.10281.0242.0002;SANDÁLIA SALTO ALTO;PRETO;4;4;4;3;1
INVERNO 2025;INVERNO 2 + MÃES;A.12403.0002.0001;FECHADO SALTO RASTEIRO;PRETO;4;4;4;3;1
INVERNO 2025;INVERNO 2 + MÃES;A.40011.0366.0001;NEUTRAL MÉDIA;PRETO;2;2;2;1;1
INVERNO 2025;INVERNO 2 + MÃES;A.50011.0670.0044;PEQUENA;PLATINO;2;2;2;1;1
INVERNO 2025;INVERNO 2 + MÃES;A.50018.0911.0001;GRANDE;PRETO;2;2;2;1;1
INVERNO 2025;INVERNO 2 + MÃES;A.50023.0614.0021;GRANDE;NEW HAZELNUT;2;2;2;1;1
INVERNO 2025;INVERNO 2 + MÃES;A.50024.0452.0012;PEQUENA;WINTER COGNAC;2;2;2;1;1
INVERNO 2025;INVERNO 2 + MÃES;A.50014.0460.0026;GRANDE;PRETO;2;2;2;1;1
INVERNO 2025;INVERNO 2 + MÃES;A.50021.0762.0001;MÉDIA;PRETO;1;1;1;0;1
INVERNO 2025;INVERNO 2 + MÃES;A.13774.0001.0001;SANDÁLIA SALTO ALTO;PRETO;15;15;15;15;0
INVERNO 2025;INVERNO 2 + MÃES;A.03274.0144.0001;SANDÁLIA SALTO RASTEIRO;PANACOTA;12;12;12;12;0
INVERNO 2025;INVERNO 2 + MÃES;A.04485.4190.0001;SANDÁLIA SALTO RASTEIRO;PLATINO/SILVER/COBRE;12;12;12;12;0
INVERNO 2025;INVERNO 2 + MÃES;A.12030.0001.0089;FECHADO SALTO RASTEIRO;FRESH RUBY;12;12;12;12;0
INVERNO 2025;INVERNO 2 + MÃES;A.13157.0001.0027;SANDÁLIA SALTO RASTEIRO;PRETO;12;12;12;12;0
INVERNO 2025;INVERNO 2 + MÃES;A.13767.0001.0001;SANDÁLIA SALTO MÉDIO;PANACOTA;12;12;12;12;0
INVERNO 2025;INVERNO 2 + MÃES;A.13621.0001.0006;FECHADO SALTO RASTEIRO;WARM CARAMEL;12;12;12;12;0
INVERNO 2025;INVERNO 2 + MÃES;A.13767.0001.0003;SANDÁLIA SALTO MÉDIO;FRESH RUBY;12;12;12;12;0
INVERNO 2025;INVERNO 2 + MÃES;A.12016.0082.0072;SANDÁLIA SALTO RASTEIRO;ORANGE RED;12;12;12;12;0
INVERNO 2025;INVERNO 2 + MÃES;A.12016.0082.0074;SANDÁLIA SALTO RASTEIRO;GRAPE BROWN;12;12;12;12;0
INVERNO 2025;INVERNO 2 + MÃES;A.13157.0001.0035;SANDÁLIA SALTO RASTEIRO;ORANGE RED;12;12;12;12;0
INVERNO 2025;INVERNO 2 + MÃES;A.12757.0164.0001;FECHADO SALTO BAIXO;GRAPE BROWN;12;12;12;12;0
INVERNO 2025;INVERNO 2 + MÃES;A.13687.0011.0004;FECHADO SALTO RASTEIRO;WINTER COGNAC;12;12;12;12;0
INVERNO 2025;INVERNO 2 + MÃES;A.13770.0001.0002;SANDÁLIA SALTO MÉDIO;PANACOTA;12;12;12;12;0
INVERNO 2025;INVERNO 2 + MÃES;A.12030.0001.0114;FECHADO SALTO RASTEIRO;GRAPE BROWN;12;12;12;12;0
INVERNO 2025;INVERNO 2 + MÃES;A.13157.0001.0037;SANDÁLIA SALTO RASTEIRO;GRAPE BROWN;12;12;12;12;0
INVERNO 2025;INVERNO 2 + MÃES;A.13694.0002.0002;FECHADO SALTO ALTO;FRESH RUBY;12;12;12;12;0
INVERNO 2025;INVERNO 2 + MÃES;A.12016.0149.0017;SANDÁLIA SALTO RASTEIRO;GRAPE BROWN;12;12;12;12;0
INVERNO 2025;INVERNO 2 + MÃES;A.13669.0004.0004;FECHADO SALTO RASTEIRO;BRANCO;12;12;12;12;0
INVERNO 2025;INVERNO 2 + MÃES;A.12757.0158.0002;FECHADO SALTO BAIXO;LIGHT IVORY;12;12;12;12;0
INVERNO 2025;INVERNO 2 + MÃES;A.03274.0012.0100;SANDÁLIA SALTO RASTEIRO;PRATA VELHO;12;12;12;12;0
INVERNO 2025;INVERNO 2 + MÃES;A.13701.0008.0001;FECHADO SALTO ALTO;PRETO;10;10;10;10;0
INVERNO 2025;INVERNO 2 + MÃES;A.13745.0001.0003;FECHADO SALTO RASTEIRO;CIOCCOLATO;9;9;9;9;0
INVERNO 2025;INVERNO 2 + MÃES;A.13647.0002.0004;SANDÁLIA SALTO ALTO;GRAPE BROWN;9;9;9;9;0
INVERNO 2025;INVERNO 2 + MÃES;A.13758.0001.0001;SANDÁLIA SALTO MÉDIO;PANACOTA;9;9;9;9;0
INVERNO 2025;INVERNO 2 + MÃES;A.13250.0018.0002;FECHADO SALTO RASTEIRO;BITTER BROWN;9;9;9;9;0
INVERNO 2025;INVERNO 2 + MÃES;A.13769.0001.0001;FECHADO SALTO BAIXO;PRETO;9;9;9;9;0
INVERNO 2025;INVERNO 2 + MÃES;A.13776.0001.0001;SANDÁLIA SALTO ALTO;PRETO;9;9;9;9;0
INVERNO 2025;INVERNO 2 + MÃES;A.13740.0001.0001;FECHADO SALTO ALTO;PRETO;9;9;9;9;0
INVERNO 2025;INVERNO 2 + MÃES;A.13701.0004.0008;FECHADO SALTO ALTO;WINTER COGNAC;9;9;9;9;0
INVERNO 2025;INVERNO 2 + MÃES;A.13701.0002.0006;FECHADO SALTO ALTO;FRESH RUBY;9;9;9;9;0
INVERNO 2025;INVERNO 2 + MÃES;A.12016.0082.0036;SANDÁLIA SALTO RASTEIRO;PRATA VELHO;9;9;9;9;0
INVERNO 2025;INVERNO 2 + MÃES;A.13761.0003.0003;BOTA SALTO BAIXO;PRETO;9;9;9;9;0
INVERNO 2025;INVERNO 2 + MÃES;A.12016.0082.0001;SANDÁLIA SALTO RASTEIRO;PANACOTA;9;9;9;9;0
INVERNO 2025;INVERNO 2 + MÃES;A.13291.0005.0001;BOTA SALTO MÉDIO;PRETO;9;9;9;9;0
INVERNO 2025;INVERNO 2 + MÃES;A.13349.0003.0001;BOTA SALTO MÉDIO;PRETO;9;9;9;9;0
INVERNO 2025;INVERNO 2 + MÃES;A.03034.6586.0003;BOTA SALTO BAIXO;PRETO;9;9;9;9;0
INVERNO 2025;INVERNO 2 + MÃES;A.13761.0003.0001;BOTA SALTO BAIXO;BITTER BROWN;9;9;9;9;0
INVERNO 2025;INVERNO 2 + MÃES;A.13241.0001.0009;BOTA SALTO MÉDIO;GRAPE BROWN;9;9;9;9;0
INVERNO 2025;INVERNO 2 + MÃES;A.13349.0003.0004;BOTA SALTO MÉDIO;WARM CARAMEL;9;9;9;9;0
INVERNO 2025;INVERNO 2 + MÃES;A.11901.0152.0003;SANDÁLIA SALTO BAIXO;FRESH RUBY;9;9;9;9;0
INVERNO 2025;INVERNO 2 + MÃES;A.13250.0001.0013;FECHADO SALTO RASTEIRO;FRESH RUBY;9;9;9;9;0
INVERNO 2025;INVERNO 2 + MÃES;A.13597.0005.0001;SANDÁLIA SALTO ALTO;SILVER;9;9;9;9;0
INVERNO 2025;INVERNO 2 + MÃES;A.13757.0001.0001;FECHADO SALTO MÉDIO;PRETO;9;9;9;9;0
INVERNO 2025;INVERNO 2 + MÃES;A.13757.0001.0003;FECHADO SALTO MÉDIO;NEW HAZENUT;9;9;9;9;0
INVERNO 2025;INVERNO 2 + MÃES;A.12754.0150.0001;FECHADO SALTO ALTO;PRETO;9;9;9;9;0
INVERNO 2025;INVERNO 2 + MÃES;A.13250.0001.0011;FECHADO SALTO RASTEIRO;PRETO;9;9;9;9;0
INVERNO 2025;INVERNO 2 + MÃES;A.13689.0008.0001;FECHADO SALTO RASTEIRO;PRETO;9;9;9;9;0
INVERNO 2025;INVERNO 2 + MÃES;A.13748.0001.0001;FECHADO SALTO MÉDIO;PRETO;9;9;9;9;0
INVERNO 2025;INVERNO 2 + MÃES;A.13750.0001.0001;BOTA SALTO MÉDIO;PRETO;9;9;9;9;0
INVERNO 2025;INVERNO 2 + MÃES;A.04485.0666.0039;SANDÁLIA SALTO RASTEIRO;FRESH RUBY;9;9;9;9;0
INVERNO 2025;INVERNO 2 + MÃES;A.10884.0001.0041;FECHADO SALTO ALTO;PRETO;9;9;9;9;0
INVERNO 2025;INVERNO 2 + MÃES;A.12463.0066.0002;SANDÁLIA SALTO MÉDIO;PANACOTA/PLATINO;9;9;9;9;0
INVERNO 2025;INVERNO 2 + MÃES;A.13078.0002.0015;SANDÁLIA SALTO MÉDIO;GRAPE BROWN;9;9;9;9;0
INVERNO 2025;INVERNO 2 + MÃES;A.13464.0006.0002;SANDÁLIA SALTO MÉDIO;WARM CARAMEL;9;9;9;9;0
INVERNO 2025;INVERNO 2 + MÃES;A.13750.0001.0002;BOTA SALTO MÉDIO;BITTER BROWN;9;9;9;9;0
INVERNO 2025;INVERNO 2 + MÃES;A.02695.0681.0001;SANDÁLIA SALTO MÉDIO;PRETO;9;9;9;9;0
INVERNO 2025;INVERNO 2 + MÃES;A.10055.0380.0091;SANDÁLIA SALTO MÉDIO;FRESH RUBY;9;9;9;9;0
INVERNO 2025;INVERNO 2 + MÃES;A.13561.0009.0002;SANDÁLIA SALTO BAIXO;FRESH APRICOT;9;9;9;9;0
INVERNO 2025;INVERNO 2 + MÃES;A.13748.0001.0003;FECHADO SALTO MÉDIO;WINTER COGNAC;9;9;9;9;0
INVERNO 2025;INVERNO 2 + MÃES;A.10055.0570.0016;SANDÁLIA SALTO MÉDIO;PLATINO;9;9;9;9;0
INVERNO 2025;INVERNO 2 + MÃES;A.11901.0153.0002;SANDÁLIA SALTO MÉDIO;FRESH RUBY;9;9;9;9;0
INVERNO 2025;INVERNO 2 + MÃES;A.13687.0010.0004;FECHADO SALTO RASTEIRO;PRETO;9;9;9;9;0
INVERNO 2025;INVERNO 2 + MÃES;A.04485.4190.0002;SANDÁLIA SALTO RASTEIRO;NEW HAZEL/GRAP BROW/PLAT/NE TAUP/FA BLUS;9;9;9;9;0
INVERNO 2025;INVERNO 2 + MÃES;A.12030.0001.0113;FECHADO SALTO RASTEIRO;ORANGE RED;9;9;9;9;0
INVERNO 2025;INVERNO 2 + MÃES;A.12093.0070.0001;SANDÁLIA SALTO ALTO;PRETO;9;9;9;9;0
INVERNO 2025;INVERNO 2 + MÃES;A.12757.0164.0002;FECHADO SALTO BAIXO;WINTER COGNAC;9;9;9;9;0
INVERNO 2025;INVERNO 2 + MÃES;A.13078.0002.0016;SANDÁLIA SALTO MÉDIO;WINTER COGNAC;9;9;9;9;0
INVERNO 2025;INVERNO 2 + MÃES;A.13628.0004.0002;FECHADO SALTO BAIXO;CIOCOLATTO;9;9;9;9;0
INVERNO 2025;INVERNO 2 + MÃES;A.13753.0003.0001;FECHADO SALTO MÉDIO;PRETO;9;9;9;9;0
INVERNO 2025;INVERNO 2 + MÃES;A.11901.0153.0003;SANDÁLIA SALTO MÉDIO;PANACOTA;9;9;9;9;0
INVERNO 2025;INVERNO 2 + MÃES;A.12016.0149.0019;SANDÁLIA SALTO RASTEIRO;PANACOTA;9;9;9;9;0
INVERNO 2025;INVERNO 2 + MÃES;A.12757.0157.0003;FECHADO SALTO BAIXO;WINTER COGNAC;9;9;9;9;0
INVERNO 2025;INVERNO 2 + MÃES;A.13065.0144.0003;SANDÁLIA SALTO RASTEIRO;PLATINO;9;9;9;9;0
INVERNO 2025;INVERNO 2 + MÃES;A.13627.0005.0002;FECHADO SALTO RASTEIRO;FRESH RUBY;9;9;9;9;0
INVERNO 2025;INVERNO 2 + MÃES;A.13628.0004.0001;FECHADO SALTO BAIXO;PRETO;9;9;9;9;0
INVERNO 2025;INVERNO 2 + MÃES;A.03762.0454.0028;SANDÁLIA SALTO RASTEIRO;HOT PEPPER METAL;9;9;9;9;0
INVERNO 2025;INVERNO 2 + MÃES;A.10055.1155.0012;SANDÁLIA SALTO MÉDIO;ORANGE RED;9;9;9;9;0
INVERNO 2025;INVERNO 2 + MÃES;A.11338.0074.0003;SANDÁLIA SALTO MÉDIO;PLATINO;9;9;9;9;0
INVERNO 2025;INVERNO 2 + MÃES;A.11901.0152.0001;SANDÁLIA SALTO BAIXO;PANACOTA;9;9;9;9;0
INVERNO 2025;INVERNO 2 + MÃES;A.12757.0156.0001;FECHADO SALTO BAIXO;PRETO;9;9;9;9;0
INVERNO 2025;INVERNO 2 + MÃES;A.13056.0027.0003;FECHADO SALTO RASTEIRO;GAUDI NATURAL/PRETO/BRANCO;9;9;9;9;0
INVERNO 2025;INVERNO 2 + MÃES;A.13069.0016.0002;SANDÁLIA SALTO RASTEIRO;PANACOTA;9;9;9;9;0
INVERNO 2025;INVERNO 2 + MÃES;A.13728.0003.0001;SANDÁLIA SALTO MÉDIO;PRETO;9;9;9;9;0
INVERNO 2025;INVERNO 2 + MÃES;A.13733.0003.0004;FECHADO SALTO BAIXO;FRESH RUBY;9;9;9;9;0
INVERNO 2025;INVERNO 2 + MÃES;A.10055.0570.0013;SANDÁLIA SALTO MÉDIO;PRETO;9;9;9;9;0
INVERNO 2025;INVERNO 2 + MÃES;A.10055.1155.0013;SANDÁLIA SALTO MÉDIO;PANACOTA;9;9;9;9;0
INVERNO 2025;INVERNO 2 + MÃES;A.11699.0002.0035;SANDÁLIA SALTO MÉDIO;WINTER COGNAC;9;9;9;9;0
INVERNO 2025;INVERNO 2 + MÃES;A.11965.0043.0004;SANDÁLIA SALTO ALTO;PLATINO;9;9;9;9;0
INVERNO 2025;INVERNO 2 + MÃES;A.13757.0001.0006;FECHADO SALTO MÉDIO;WINTER COGNAC;9;9;9;9;0
INVERNO 2025;INVERNO 2 + MÃES;A.13757.0002.0002;BOTA SALTO MÉDIO;GRAPE BROWN;9;9;9;9;0
INVERNO 2025;INVERNO 2 + MÃES;A.13773.0001.0001;SANDÁLIA SALTO BAIXO;WINTER COGNAC;9;9;9;9;0
INVERNO 2025;INVERNO 2 + MÃES;A.10055.1155.0011;SANDÁLIA SALTO MÉDIO;WINTER COGNAC;8;8;8;8;0
INVERNO 2025;INVERNO 2 + MÃES;A.13078.0002.0001;SANDÁLIA SALTO MÉDIO;PRETO;8;8;8;8;0
INVERNO 2025;INVERNO 2 + MÃES;A.13078.0002.0017;SANDÁLIA SALTO MÉDIO;NEW HAZELNUT;8;8;8;8;0
INVERNO 2025;INVERNO 2 + MÃES;A.13615.0005.0002;SANDÁLIA SALTO ALTO;WINTER COGNAC;8;8;8;8;0
INVERNO 2025;INVERNO 2 + MÃES;A.13774.0001.0003;SANDÁLIA SALTO ALTO;FRESH RUBY;8;8;8;8;0
INVERNO 2025;INVERNO 2 + MÃES;A.57100.1798.0010;PEQUENA;PRETO;6;6;6;6;0
INVERNO 2025;INVERNO 2 + MÃES;A.13745.0001.0001;FECHADO SALTO RASTEIRO;PRETO;6;6;6;6;0
INVERNO 2025;INVERNO 2 + MÃES;A.13740.0006.0001;BOTA SALTO ALTO;PRETO;6;6;6;6;0
INVERNO 2025;INVERNO 2 + MÃES;A.12463.0055.0011;SANDÁLIA SALTO MÉDIO;PLATINO;6;6;6;6;0
INVERNO 2025;INVERNO 2 + MÃES;A.13457.0033.0005;FECHADO SALTO RASTEIRO;PLATINO;6;6;6;6;0
INVERNO 2025;INVERNO 2 + MÃES;A.13627.0005.0001;FECHADO SALTO RASTEIRO;PRETO;6;6;6;6;0
INVERNO 2025;INVERNO 2 + MÃES;A.12463.0055.0012;SANDÁLIA SALTO MÉDIO;PRATA VELHO;6;6;6;6;0
INVERNO 2025;INVERNO 2 + MÃES;A.12757.0109.0005;BOTA SALTO BAIXO;PRETO;6;6;6;6;0
INVERNO 2025;INVERNO 2 + MÃES;A.13056.0027.0001;FECHADO SALTO RASTEIRO;GAUDI NATURAL/BRANCO;6;6;6;6;0
INVERNO 2025;INVERNO 2 + MÃES;A.50029.0259.0001;MÉDIA;PRETO;4;4;4;4;0
INVERNO 2025;INVERNO 2 + MÃES;A.50011.0670.0001;PEQUENA;PRETO;4;4;4;4;0
INVERNO 2025;INVERNO 2 + MÃES;A.02695.0636.0006;SANDÁLIA SALTO MÉDIO;PRETO;4;4;4;4;0
INVERNO 2025;INVERNO 2 + MÃES;A.02695.0636.0010;SANDÁLIA SALTO MÉDIO;TRUE SAND;4;4;4;4;0
INVERNO 2025;INVERNO 2 + MÃES;A.03199.0206.0013;SANDÁLIA SALTO BAIXO;PRETO;4;4;4;4;0
INVERNO 2025;INVERNO 2 + MÃES;A.03199.0206.0020;SANDÁLIA SALTO BAIXO;TRUE SAND;4;4;4;4;0
INVERNO 2025;INVERNO 2 + MÃES;A.03199.0246.0004;SANDÁLIA SALTO BAIXO;PLATINO;4;4;4;4;0
INVERNO 2025;INVERNO 2 + MÃES;A.03199.0246.0021;SANDÁLIA SALTO BAIXO;PRETO;4;4;4;4;0
INVERNO 2025;INVERNO 2 + MÃES;A.03274.0012.0232;SANDÁLIA SALTO RASTEIRO;WARM CARAMEL;4;4;4;4;0
INVERNO 2025;INVERNO 2 + MÃES;A.03274.0117.0001;SANDÁLIA SALTO RASTEIRO;PRETO;4;4;4;4;0
INVERNO 2025;INVERNO 2 + MÃES;A.03274.0117.0017;SANDÁLIA SALTO RASTEIRO;PLATINO;4;4;4;4;0
INVERNO 2025;INVERNO 2 + MÃES;A.10055.0598.0017;SANDÁLIA SALTO MÉDIO;PRETO (PALMILHA CAXAMBU);4;4;4;4;0
INVERNO 2025;INVERNO 2 + MÃES;A.10055.0683.0003;SANDÁLIA SALTO MÉDIO;PRETO;4;4;4;4;0
INVERNO 2025;INVERNO 2 + MÃES;A.10281.0242.0017;SANDÁLIA SALTO ALTO;TRUE SAND;4;4;4;4;0
INVERNO 2025;INVERNO 2 + MÃES;A.11698.0034.0031;FECHADO SALTO RASTEIRO;TRUE SAND;4;4;4;4;0
INVERNO 2025;INVERNO 2 + MÃES;A.11903.0024.0011;SANDÁLIA SALTO RASTEIRO;PRETO;4;4;4;4;0
INVERNO 2025;INVERNO 2 + MÃES;A.11904.0084.0005;FECHADO SALTO BAIXO;PRETO;4;4;4;4;0
INVERNO 2025;INVERNO 2 + MÃES;A.11904.0084.0015;FECHADO SALTO BAIXO;TRUE SAND;4;4;4;4;0
INVERNO 2025;INVERNO 2 + MÃES;A.43000.0557.0005;MÉDIO;PRETO;4;4;4;4;0
INVERNO 2025;INVERNO 2 + MÃES;A.43000.0555.0001;FINO;PRETO;3;3;3;3;0
INVERNO 2025;INVERNO 2 + MÃES;A.43000.0555.0008;FINO;CREMA WHITE;3;3;3;3;0
INVERNO 2025;INVERNO 2 + MÃES;A.43000.0656.0003;MÉDIO;FRESH RUBY;3;3;3;3;0
INVERNO 2025;INVERNO 2 + MÃES;A.43000.0667.0003;LARGO;WINTER COGNAC;3;3;3;3;0
INVERNO 2025;INVERNO 2 + MÃES;A.43000.0555.0006;FINO;CIOCCOLATO;3;3;3;3;0
INVERNO 2025;INVERNO 2 + MÃES;A.43000.0561.0004;MÉDIO;BITTER BROWN;3;3;3;3;0
INVERNO 2025;INVERNO 2 + MÃES;A.43000.0670.0001;MÉDIO;DOURADO;3;3;3;3;0
INVERNO 2025;INVERNO 2 + MÃES;A.43000.0249.0022;FINO;GRAPE BROWN;3;3;3;3;0
INVERNO 2025;INVERNO 2 + MÃES;A.43000.0249.0023;FINO;WINTER COGNAC;3;3;3;3;0
INVERNO 2025;INVERNO 2 + MÃES;A.43000.0561.0001;MÉDIO;PRETO;3;3;3;3;0
INVERNO 2025;INVERNO 2 + MÃES;A.43000.0656.0001;MÉDIO;PRETO;3;3;3;3;0
INVERNO 2025;INVERNO 2 + MÃES;A.43000.0559.0004;FINO;CIOCCOLATO;3;3;3;3;0
INVERNO 2025;INVERNO 2 + MÃES;A.43000.0559.0002;FINO;PRETO;3;3;3;3;0
INVERNO 2025;INVERNO 2 + MÃES;A.43000.0561.0006;MÉDIO;NEW HAZELNUT;3;3;3;3;0
INVERNO 2025;INVERNO 2 + MÃES;A.50011.0723.0019;PEQUENA;PRATA VELHO;3;3;3;3;0
INVERNO 2025;INVERNO 2 + MÃES;A.50023.0036.0177;PEQUENA;GRAPE BROWN;3;3;3;3;0
INVERNO 2025;INVERNO 2 + MÃES;A.57100.2495.0001;GRANDE;PRETO;2;2;2;2;0
INVERNO 2025;INVERNO 2 + MÃES;A.57100.2495.0002;GRANDE;BEIGE SCHELL;2;2;2;2;0
INVERNO 2025;INVERNO 2 + MÃES;A.57100.2499.0002;GRANDE;ROAST CARAMEL;2;2;2;2;0
INVERNO 2025;INVERNO 2 + MÃES;A.57100.2502.0002;MÉDIA;BEIGE SCHELL;2;2;2;2;0
INVERNO 2025;INVERNO 2 + MÃES;A.57100.2505.0001;MÉDIA;PRETO;2;2;2;2;0
INVERNO 2025;INVERNO 2 + MÃES;A.50018.1099.0001;PEQUENA;PRETO;2;2;2;2;0
INVERNO 2025;INVERNO 2 + MÃES;A.50018.1076.0007;GRANDE;FRESH APRICOT;2;2;2;2;0
INVERNO 2025;INVERNO 2 + MÃES;A.50018.1099.0004;PEQUENA;NEW HAZELNUT;2;2;2;2;0
INVERNO 2025;INVERNO 2 + MÃES;A.50011.0898.0001;MÉDIA;PRETO;2;2;2;2;0
INVERNO 2025;INVERNO 2 + MÃES;A.50011.0898.0004;MÉDIA;CIOCCOLATO;2;2;2;2;0
INVERNO 2025;INVERNO 2 + MÃES;A.50018.1100.0004;PEQUENA;NEW HAZELNUT;2;2;2;2;0
INVERNO 2025;INVERNO 2 + MÃES;A.50018.1076.0001;GRANDE;PRETO;2;2;2;2;0
INVERNO 2025;INVERNO 2 + MÃES;A.50018.1078.0001;MÉDIA;PRETO;2;2;2;2;0
INVERNO 2025;INVERNO 2 + MÃES;A.50018.1100.0002;PEQUENA;WINTER COGNAC;2;2;2;2;0
INVERNO 2025;INVERNO 2 + MÃES;A.40011.0275.0001;NEUTRAL PEQUENA;PRETO;2;2;2;2;0
INVERNO 2025;INVERNO 2 + MÃES;A.40011.0363.0001;NEUTRAL MÉDIA;PRETO;2;2;2;2;0
INVERNO 2025;INVERNO 2 + MÃES;A.50011.0631.0032;PEQUENA;HOT PEPPER;2;2;2;2;0
INVERNO 2025;INVERNO 2 + MÃES;A.50011.0670.0009;PEQUENA;PANACOTA;2;2;2;2;0
INVERNO 2025;INVERNO 2 + MÃES;A.50011.0721.0028;GRANDE;WINE BERRY;2;2;2;2;0
INVERNO 2025;INVERNO 2 + MÃES;A.50011.0895.0001;GRANDE;PRETO;2;2;2;2;0
INVERNO 2025;INVERNO 2 + MÃES;A.50011.0896.0001;PEQUENA;PRETO;2;2;2;2;0
INVERNO 2025;INVERNO 2 + MÃES;A.50014.0524.0001;PEQUENA;PRETO;2;2;2;2;0
INVERNO 2025;INVERNO 2 + MÃES;A.50021.0935.0001;MÉDIA;PRETO;2;2;2;2;0
INVERNO 2025;INVERNO 2 + MÃES;A.50023.0503.0085;PEQUENA;FRESH RUBY;2;2;2;2;0
INVERNO 2025;INVERNO 2 + MÃES;A.50023.0770.0002;PEQUENA;STRACCI;2;2;2;2;0
INVERNO 2025;INVERNO 2 + MÃES;A.58100.0586.0007;GRANDE;FRESH RUBY;2;2;2;2;0
INVERNO 2025;INVERNO 2 + MÃES;A.50011.0630.0055;GRANDE;PLATINO;2;2;2;2;0
INVERNO 2025;INVERNO 2 + MÃES;A.50011.0631.0031;PEQUENA;PEWTER;2;2;2;2;0
INVERNO 2025;INVERNO 2 + MÃES;A.50014.0472.0016;MÉDIA;FRESH RUBI;2;2;2;2;0
INVERNO 2025;INVERNO 2 + MÃES;A.50021.0936.0003;PEQUENA;FRESH RUBY;2;2;2;2;0
INVERNO 2025;INVERNO 2 + MÃES;A.50023.0477.0112;MÉDIA;WINTER COGNAC/ORANGE RED;2;2;2;2;0
INVERNO 2025;INVERNO 2 + MÃES;A.50023.0615.0021;PEQUENA;NEW HAZELNUT;2;2;2;2;0
INVERNO 2025;INVERNO 2 + MÃES;A.50023.0770.0001;PEQUENA;PRETO;2;2;2;2;0
INVERNO 2025;INVERNO 2 + MÃES;A.50023.0771.0001;PEQUENA;PRETO;2;2;2;2;0
INVERNO 2025;INVERNO 2 + MÃES;A.50024.0410.0011;GRANDE;NEW HAZELNUT;2;2;2;2;0
INVERNO 2025;INVERNO 2 + MÃES;A.50024.0451.0012;GRANDE;WINTER COGNAC;2;2;2;2;0
INVERNO 2025;INVERNO 2 + MÃES;A.58100.0586.0013;GRANDE;NEW HAZELNUT;2;2;2;2;0
INVERNO 2025;INVERNO 2 + MÃES;A.50011.0721.0034;GRANDE;ORANGE RED;2;2;2;2;0
INVERNO 2025;INVERNO 2 + MÃES;A.50014.0460.0037;GRANDE;WINTER COGNAC;2;2;2;2;0
INVERNO 2025;INVERNO 2 + MÃES;A.50021.0929.0004;MÉDIA;FRESH RUBY;2;2;2;2;0
INVERNO 2025;INVERNO 2 + MÃES;A.50023.0477.0111;MÉDIA;PANACOTA/NEW HAZELNUT;2;2;2;2;0
INVERNO 2025;INVERNO 2 + MÃES;A.50023.0759.0001;GRANDE;PRETO;2;2;2;2;0
INVERNO 2025;INVERNO 2 + MÃES;A.50023.0759.0005;GRANDE;CIOCCOLATO;2;2;2;2;0
INVERNO 2025;INVERNO 2 + MÃES;A.50023.0775.0001;GRANDE;PRETO;2;2;2;2;0
INVERNO 2025;INVERNO 2 + MÃES;A.50024.0412.0001;PEQUENA;PRETO;2;2;2;2;0
INVERNO 2025;INVERNO 2 + MÃES;A.50024.0452.0010;PEQUENA;PRETO;2;2;2;2;0
INVERNO 2025;INVERNO 2 + MÃES;A.58100.0586.0001;GRANDE;PRETO;2;2;2;2;0
INVERNO 2025;INVERNO 2 + MÃES;A.58100.0588.0008;PEQUENA;FRESH RUBY;2;2;2;2;0
INVERNO 2025;INVERNO 2 + MÃES;A.50011.0723.0001;PEQUENA;PRETO;2;2;2;2;0
INVERNO 2025;INVERNO 2 + MÃES;A.50011.0723.0018;PEQUENA;PLATINO;2;2;2;2;0
INVERNO 2025;INVERNO 2 + MÃES;A.50011.0723.0032;PEQUENA;NEW HAZELNUT;2;2;2;2;0
INVERNO 2025;INVERNO 2 + MÃES;A.50011.0723.0030;PEQUENA;WARM CARAMEL;2;2;2;2;0
INVERNO 2025;INVERNO 2 + MÃES;A.50018.1101.0001;PEQUENA;PRETO/PRETO;2;2;2;2;0
INVERNO 2025;INVERNO 2 + MÃES;A.50018.1101.0007;PEQUENA;PLATINO/PLATINO;2;2;2;2;0
INVERNO 2025;INVERNO 2 + MÃES;A.50023.0761.0001;PEQUENA;PRETO;2;2;2;2;0
INVERNO 2025;INVERNO 2 + MÃES;A.50023.0761.0004;PEQUENA;FRESH RUBY;2;2;2;2;0
INVERNO 2025;INVERNO 2 + MÃES;A.50023.0768.0001;GRANDE;PRETO;2;2;2;2;0
INVERNO 2025;INVERNO 2 + MÃES;A.50023.0770.0003;PEQUENA;NEW HAZELNUT;2;2;2;2;0
INVERNO 2025;INVERNO 2 + MÃES;A.50024.0451.0013;GRANDE;GRAPE BROWN;2;2;2;2;0
INVERNO 2025;INVERNO 2 + MÃES;A.50024.0452.0014;PEQUENA;PANACOTA;2;2;2;2;0
INVERNO 2025;INVERNO 2 + MÃES;A.58100.0588.0001;PEQUENA;PRETO;2;2;2;2;0
INVERNO 2025;INVERNO 2 + MÃES;A.50011.0630.0057;GRANDE;PEWTER;2;2;2;2;0
INVERNO 2025;INVERNO 2 + MÃES;A.50021.0935.0003;MÉDIA;FRESH RUBY;2;2;2;2;0
INVERNO 2025;INVERNO 2 + MÃES;A.50021.0936.0001;PEQUENA;PRETO;2;2;2;2;0
INVERNO 2025;INVERNO 2 + MÃES;A.50023.0503.0120;PEQUENA;ORANGE RED;2;2;2;2;0
INVERNO 2025;INVERNO 2 + MÃES;A.50023.0518.0078;PEQUENA;WINTER COGNAC/ORANGE RED;2;2;2;2;0
INVERNO 2025;INVERNO 2 + MÃES;A.50023.0533.0042;PEQUENA;PANACOTA;2;2;2;2;0
INVERNO 2025;INVERNO 2 + MÃES;A.50023.0768.0004;GRANDE;CIOCCOLATO;2;2;2;2;0
INVERNO 2025;INVERNO 2 + MÃES;A.50024.0411.0011;MÉDIA;NEW HAZELNUT;2;2;2;2;0
INVERNO 2025;INVERNO 2 + MÃES;A.50011.0670.0040;PEQUENA;ORANGE RED;2;2;2;2;0
INVERNO 2025;INVERNO 2 + MÃES;A.50011.0670.0042;PEQUENA;GRAPE BROWN;2;2;2;2;0
INVERNO 2025;INVERNO 2 + MÃES;A.50011.0896.0004;PEQUENA;FRESH RUBI;2;2;2;2;0
INVERNO 2025;INVERNO 2 + MÃES;A.50014.0300.0120;MÉDIA;NEW HAZELNUT;2;2;2;2;0
INVERNO 2025;INVERNO 2 + MÃES;A.50014.0461.0033;PEQUENA;PRETO;2;2;2;2;0
INVERNO 2025;INVERNO 2 + MÃES;A.50014.0471.0015;GRANDE;FRESH RUBI;2;2;2;2;0
INVERNO 2025;INVERNO 2 + MÃES;A.50023.0614.0019;GRANDE;FRESH RUBY;2;2;2;2;0
INVERNO 2025;INVERNO 2 + MÃES;A.50023.0615.0009;PEQUENA;PRETO;2;2;2;2;0
INVERNO 2025;INVERNO 2 + MÃES;A.50023.0771.0003;PEQUENA;CIOCCOLATO;2;2;2;2;0
INVERNO 2025;INVERNO 2 + MÃES;A.50014.0299.0121;GRANDE;FRESH RUBI/MULTIROSE;2;2;2;2;0
INVERNO 2025;INVERNO 2 + MÃES;A.50021.0639.0084;PEQUENA;CIOCCOLATO;2;2;2;2;0
INVERNO 2025;INVERNO 2 + MÃES;A.50023.0615.0018;PEQUENA;CIOCCOLATO;2;2;2;2;0
INVERNO 2025;INVERNO 2 + MÃES;A.50023.0615.0019;PEQUENA;FRESH RUBY;2;2;2;2;0
INVERNO 2025;INVERNO 2 + MÃES;A.58100.0586.0011;GRANDE;WINTER COGNAC;2;2;2;2;0
INVERNO 2025;INVERNO 2 + MÃES;A.58100.0588.0012;PEQUENA;WINTER COGNAC;2;2;2;2;0
INVERNO 2025;INVERNO 2 + MÃES;A.50011.0631.0029;PEQUENA;PLATINO;2;2;2;2;0
INVERNO 2025;INVERNO 2 + MÃES;A.50014.0299.0094;GRANDE;PRETO;2;2;2;2;0
INVERNO 2025;INVERNO 2 + MÃES;A.50018.1101.0003;PEQUENA;PANACOTA/PANACOTA;2;2;2;2;0
INVERNO 2025;INVERNO 2 + MÃES;A.50021.0644.0055;PEQUENA;PANACOTA/BRONZE;2;2;2;2;0
INVERNO 2025;INVERNO 2 + MÃES;A.50023.0518.0077;PEQUENA;PANACOTA/NEW HAZELNUT;2;2;2;2;0
INVERNO 2025;INVERNO 2 + MÃES;A.50023.0775.0003;GRANDE;NEW HAZELNUT;2;2;2;2;0
INVERNO 2025;INVERNO 2 + MÃES;A.50024.0412.0011;PEQUENA;NEW HAZELNUT;2;2;2;2;0
INVERNO 2025;INVERNO 2 + MÃES;A.50014.0632.0003;MÉDIA;PANACOTA;1;1;1;1;0
INVERNO 2025;INVERNO 2 + MÃES;A.50014.0633.0002;MÉDIA;GRAPE BROWN;1;1;1;1;0
INVERNO 2025;INVERNO 2 + MÃES;A.50021.0943.0002;PEQUENA;WINTER COGNAC;1;1;1;1;0
INVERNO 2025;INVERNO 2 + MÃES;A.50021.0943.0006;PEQUENA;PRETO;1;1;1;1;0
INVERNO 2025;INVERNO 2 + MÃES;A.50014.0632.0001;MÉDIA;PRETO;1;1;1;1;0
INVERNO 2025;INVERNO 2 + MÃES;A.50018.1078.0002;MÉDIA;CIOCCOLATO;1;1;1;1;0
INVERNO 2025;INVERNO 2 + MÃES;A.50011.0924.0001;PEQUENA;PRETO;1;1;1;1;0
INVERNO 2025;INVERNO 2 + MÃES;A.50018.1098.0001;MÉDIA;PRETO;1;1;1;1;0
INVERNO 2025;INVERNO 2 + MÃES;A.50018.1099.0002;PEQUENA;WINTER COGNAC;1;1;1;1;0
INVERNO 2025;INVERNO 2 + MÃES;A.50018.1098.0004;MÉDIA;NEW HAZELNUT;1;1;1;1;0
INVERNO 2025;INVERNO 2 + MÃES;A.50011.0924.0002;PEQUENA;DARK PEWTER;1;1;1;1;0
INVERNO 2025;INVERNO 2 + MÃES;A.50011.0924.0003;PEQUENA;CIOCCOLATO;1;1;1;1;0
INVERNO 2025;INVERNO 2 + MÃES;A.50011.0670.0019;PEQUENA;FRESH RUBY;1;1;1;1;0
INVERNO 2025;INVERNO 2 + MÃES;A.40011.0088.0029;NEUTRAL MÉDIA;PRETO;1;1;1;1;0
INVERNO 2025;INVERNO 2 + MÃES;A.40011.0365.0003;NEUTRAL PEQUENA;CIOCCOLATO;1;1;1;1;0
INVERNO 2025;INVERNO 2 + MÃES;A.40011.0088.0035;NEUTRAL MÉDIA;WINTER COGNAC;1;1;1;1;0
INVERNO 2025;INVERNO 2 + MÃES;A.40011.0367.0002;NEUTRAL PEQUENA;CIOCCOLATO;1;1;1;1;0
INVERNO 2025;INVERNO 2 + MÃES;A.40011.0367.0001;NEUTRAL PEQUENA;PRETO;1;1;1;1;0
INVERNO 2025;INVERNO 2 + MÃES;A.40011.0365.0002;NEUTRAL PEQUENA;DARK PEWTER;1;1;1;1;0
INVERNO 2025;INVERNO 2 + MÃES;A.50014.0300.0123;MÉDIA;FRESH RUBI/MULTIROSE;1;1;1;1;0
INVERNO 2025;INVERNO 2 + MÃES;A.50018.1086.0002;GRANDE;STRACCI/STRACCI;1;1;1;1;0
INVERNO 2025;INVERNO 2 + MÃES;A.50018.1086.0003;GRANDE;BITTER BROWN/BITTER BROWN;1;1;1;1;0
INVERNO 2025;INVERNO 2 + MÃES;A.50023.0533.0119;PEQUENA;NEW HAZELNUT;1;1;1;1;0
INVERNO 2025;INVERNO 2 + MÃES;A.50023.0775.0002;GRANDE;STRACCI;1;1;1;1;0
INVERNO 2025;INVERNO 2 + MÃES;A.50024.0451.0014;GRANDE;PANACOTA;1;1;1;1;0
INVERNO 2025;INVERNO 2 + MÃES;A.50014.0461.0048;PEQUENA;FRESH RUBI/MULTIROSE;1;1;1;1;0
INVERNO 2025;INVERNO 2 + MÃES;A.50014.0524.0013;PEQUENA;DARK PEWTER;1;1;1;1;0
INVERNO 2025;INVERNO 2 + MÃES;A.50014.0627.0005;MÉDIA;NEW HAZELNUT;1;1;1;1;0
INVERNO 2025;INVERNO 2 + MÃES;A.50018.1086.0001;GRANDE;PRETO/PRETO;1;1;1;1;0
INVERNO 2025;INVERNO 2 + MÃES;A.50023.0531.0115;MÉDIA;NEW HAZELNUT;1;1;1;1;0
INVERNO 2025;INVERNO 2 + MÃES;A.50011.0235.0116;PEQUENA;FRESH RUBY/WHITE SALT;1;1;1;1;0
INVERNO 2025;INVERNO 2 + MÃES;A.50018.1073.0002;GRANDE;CIOCCOLATO;1;1;1;1;0
INVERNO 2025;INVERNO 2 + MÃES;A.50021.0643.0055;MÉDIA;WINTER COGNAC/BRONZE;1;1;1;1;0
INVERNO 2025;INVERNO 2 + MÃES;A.50021.0762.0002;MÉDIA;PANACOTA;1;1;1;1;0
INVERNO 2025;INVERNO 2 + MÃES;A.46069.1022.0004;ACESSÓRIOS;FRESH RUBI;1;1;1;1;0
INVERNO 2025;INVERNO 2 + MÃES;A.46069.1022.0001;ACESSÓRIOS;PRETO;1;1;1;1;0
INVERNO 2025;INVERNO 2 + MÃES;A.50011.0630.0029;GRANDE;PRETO;1;1;1;1;0
INVERNO 2025;INVERNO 2 + MÃES;A.50011.0670.0038;PEQUENA;NEW HAZELNUT;1;1;1;1;0
INVERNO 2025;INVERNO 2 + MÃES;A.50011.0235.0117;PEQUENA;DARK PEWTER/WHITE SALT;1;1;1;1;0
INVERNO 2025;INVERNO 2 + MÃES;A.50014.0628.0003;PEQUENA;BITTER BROWN;1;1;1;1;0
INVERNO 2025;INVERNO 2 + MÃES;A.50018.1087.0003;GRANDE;BITTER BROWN/BITTER BROWN;1;1;1;1;0
INVERNO 2025;INVERNO 2 + MÃES;A.50021.0925.0003;GRANDE;BITTER BROWN;1;1;1;1;0
INVERNO 2025;INVERNO 2 + MÃES;A.50023.0646.0011;GRANDE;MILITAR GREEN;1;1;1;1;0
INVERNO 2025;INVERNO 2 + MÃES;A.50023.0647.0009;MÉDIA;STRACCI;1;1;1;1;0
INVERNO 2025;INVERNO 2 + MÃES;A.50016.0242.0090;GRANDE;FRESH RUBI;1;1;1;1;0
INVERNO 2025;INVERNO 2 + MÃES;A.50018.1087.0002;GRANDE;STRACCI/STRACCI;1;1;1;1;0
INVERNO 2025;INVERNO 2 + MÃES;A.50023.0531.0116;MÉDIA;ORANGE RED;1;1;1;1;0
INVERNO 2025;INVERNO 2 + MÃES;A.50014.0524.0002;PEQUENA;FRESH RUBY;1;1;1;1;0
INVERNO 2025;INVERNO 2 + MÃES;A.50016.0242.0091;GRANDE;ORANGE RED;1;1;1;1;0
INVERNO 2025;INVERNO 2 + MÃES;A.50023.0757.0001;PEQUENA;PRETO;1;1;1;1;0
INVERNO 2025;INVERNO 2 + MÃES;A.50014.0627.0003;MÉDIA;BITTER BROWN;1;1;1;1;0
INVERNO 2025;INVERNO 2 + MÃES;A.50014.0628.0005;PEQUENA;NEW HAZELNUT;1;1;1;1;0
INVERNO 2025;INVERNO 2 + MÃES;A.50018.1087.0001;GRANDE;PRETO/PRETO;1;1;1;1;0
INVERNO 2025;INVERNO 2 + MÃES;A.50023.0531.0039;MÉDIA;PANACOTA;1;1;1;1;0
INVERNO 2025;INVERNO 2 + MÃES;A.50023.0757.0004;PEQUENA;WINTER COGNAC;1;1;1;1;0
INVERNO 2025;INVERNO 2 + MÃES;A.50011.0630.0058;GRANDE;HOT PEPPER;1;1;1;1;0
INVERNO 2025;INVERNO 2 + MÃES;A.50011.0667.0008;GRANDE;BITTER BROWN;1;1;1;1;0
INVERNO 2025;INVERNO 2 + MÃES;A.50023.0533.0120;PEQUENA;ORANGE RED;1;1;1;1;0
INVERNO 2025;INVERNO 2 + MÃES;A.50023.0646.0010;GRANDE;BITTER BROWN;1;1;1;1;0
INVERNO 2025;INVERNO 2 + MÃES;A.50023.0647.0011;MÉDIA;MILITAR GREEN;1;1;1;1;0
INVERNO 2025;INVERNO 2 + MÃES;A.50024.0412.0010;PEQUENA;BITTER BROWN;1;1;1;1;0
INVERNO 2025;INVERNO 1;A.02695.0026.0432;SANDÁLIA SALTO MÉDIO;BRONZE;9;9;9;5;4
INVERNO 2025;INVERNO 1;A.12754.0149.0012;FECHADO SALTO ALTO;LIGHT IVORY;9;9;9;5;4
INVERNO 2025;INVERNO 1;A.13239.0001.0001;FECHADO SALTO RASTEIRO;PRETO;9;9;9;5;4
INVERNO 2025;INVERNO 1;A.02695.0026.0428;SANDÁLIA SALTO MÉDIO;WINE BERRY;9;9;9;6;3
INVERNO 2025;INVERNO 1;A.12754.0149.0011;FECHADO SALTO ALTO;WARM CARAMEL;9;9;9;6;3
INVERNO 2025;INVERNO 1;A.13628.0002.0001;BOTA SALTO BAIXO;PRETO;6;6;6;3;3
INVERNO 2025;INVERNO 1;A.13721.0003.0003;FECHADO SALTO BAIXO;BRONZE;6;6;6;3;3
INVERNO 2025;INVERNO 1;A.13689.0001.0003;FECHADO SALTO RASTEIRO;BLUSH BEIGE;9;9;9;7;2
INVERNO 2025;INVERNO 1;A.10055.0683.0052;SANDÁLIA SALTO MÉDIO;WARM CARAMEL;9;9;9;7;2
INVERNO 2025;INVERNO 1;A.10413.0044.0001;SANDÁLIA SALTO BAIXO;BLUSH BEIGE;9;9;9;7;2
INVERNO 2025;INVERNO 1;A.12677.0044.0002;SANDÁLIA SALTO MÉDIO;LIGHT IVORY;9;9;9;7;2
INVERNO 2025;INVERNO 1;A.10281.0242.0051;SANDÁLIA SALTO ALTO;WIBE BERRY;9;9;9;7;2
INVERNO 2025;INVERNO 1;A.10281.0242.0052;SANDÁLIA SALTO ALTO;WARM CARAMEL;9;9;9;7;2
INVERNO 2025;INVERNO 1;A.13727.0001.0002;SANDÁLIA SALTO ALTO;SILVER;9;9;9;7;2
INVERNO 2025;INVERNO 1;A.13469.0015.0001;FECHADO SALTO BAIXO;WINE BERRY;6;6;6;4;2
INVERNO 2025;INVERNO 1;A.13721.0002.0003;FECHADO SALTO BAIXO;CREMA WHITE;6;6;6;4;2
INVERNO 2025;INVERNO 1;A.50018.0617.0009;MÉDIA;PRETO;3;3;3;1;2
INVERNO 2025;INVERNO 1;A.12403.0001.0006;FECHADO SALTO RASTEIRO;TRUE SAND;9;9;9;8;1
INVERNO 2025;INVERNO 1;A.13564.0003.0003;SANDÁLIA SALTO ALTO;PRETO;9;9;9;8;1
INVERNO 2025;INVERNO 1;A.10055.0683.0051;SANDÁLIA SALTO MÉDIO;WIBE BERRY;9;9;9;8;1
INVERNO 2025;INVERNO 1;A.10413.0044.0008;SANDÁLIA SALTO BAIXO;MILITAR GREEN;9;9;9;8;1
INVERNO 2025;INVERNO 1;A.13469.0007.0002;FECHADO SALTO BAIXO;CREMA WHITE;9;9;9;8;1
INVERNO 2025;INVERNO 1;A.12677.0044.0003;SANDÁLIA SALTO MÉDIO;SILVER/PLATINO;8;8;8;7;1
INVERNO 2025;INVERNO 1;A.12016.0251.0001;SANDÁLIA SALTO RASTEIRO;PRETO;6;6;6;5;1
INVERNO 2025;INVERNO 1;A.13719.0003.0001;BOTA SALTO MÉDIO;PRETO;6;6;6;5;1
INVERNO 2025;INVERNO 1;A.13721.0002.0001;FECHADO SALTO BAIXO;PRETO;6;6;6;5;1
INVERNO 2025;INVERNO 1;A.13239.0001.0005;FECHADO SALTO RASTEIRO;WINE BERRY;6;6;6;5;1
INVERNO 2025;INVERNO 1;A.13715.0002.0002;FECHADO SALTO BAIXO;PRETO;6;6;6;5;1
INVERNO 2025;INVERNO 1;A.10253.0436.0019;FECHADO SALTO MÉDIO;WARM CARAMEL;6;6;6;5;1
INVERNO 2025;INVERNO 1;A.50023.0412.0084;MÉDIA;WARM CARAMEL;2;2;2;1;1
INVERNO 2025;INVERNO 1;A.50023.0750.0002;PEQUENA;TOPO GREY;2;2;2;1;1
INVERNO 2025;INVERNO 1;A.50014.0481.0013;PEQUENA;DARK PEWTER;2;2;2;1;1
INVERNO 2025;INVERNO 1;A.50021.0906.0006;PEQUENA;SILVER;1;1;1;0;1
INVERNO 2025;INVERNO 1;A.50023.0051.0077;PEQUENA;ROAST CARAMEL;1;1;1;0;1
INVERNO 2025;INVERNO 1;A.50021.0905.0001;GRANDE;PRETO;1;1;1;0;1
INVERNO 2025;INVERNO 1;A.13628.0001.0004;FECHADO SALTO BAIXO;OCRA CARAMEL;18;18;18;18;0
INVERNO 2025;INVERNO 1;A.13729.0001.0002;SANDÁLIA SALTO MÉDIO;OCRA CARAMEL;13;13;13;13;0
INVERNO 2025;INVERNO 1;A.13703.0001.0001;FECHADO SALTO RASTEIRO;CREMA WHITE;10;10;10;10;0
INVERNO 2025;INVERNO 1;A.10055.0576.0005;SANDÁLIA SALTO MÉDIO;PRETO;9;9;9;9;0
INVERNO 2025;INVERNO 1;A.10055.0576.0013;SANDÁLIA SALTO MÉDIO;TRUE SAND;9;9;9;9;0
INVERNO 2025;INVERNO 1;A.11173.0001.0018;BOTA SALTO BAIXO;WARM CARAMEL;9;9;9;9;0
INVERNO 2025;INVERNO 1;A.12743.0019.0001;BOTA SALTO BAIXO;PRETO;9;9;9;9;0
INVERNO 2025;INVERNO 1;A.13628.0001.0001;FECHADO SALTO BAIXO;PRETO;9;9;9;9;0
INVERNO 2025;INVERNO 1;A.10253.0436.0021;FECHADO SALTO MÉDIO;MILITAR GREEN;9;9;9;9;0
INVERNO 2025;INVERNO 1;A.10413.0044.0005;SANDÁLIA SALTO BAIXO;PRETO;9;9;9;9;0
INVERNO 2025;INVERNO 1;A.10253.0436.0018;FECHADO SALTO MÉDIO;WIBE BERRY;9;9;9;9;0
INVERNO 2025;INVERNO 1;A.10413.0044.0004;SANDÁLIA SALTO BAIXO;WINE BERRY;9;9;9;9;0
INVERNO 2025;INVERNO 1;A.12930.0044.0007;FECHADO SALTO MÉDIO;BLUSH BEIGE;9;9;9;9;0
INVERNO 2025;INVERNO 1;A.13211.0015.0003;FECHADO SALTO MÉDIO;BLUSH BEIGE;9;9;9;9;0
INVERNO 2025;INVERNO 1;A.13564.0004.0002;SANDÁLIA SALTO ALTO;WINE BERRY;9;9;9;9;0
INVERNO 2025;INVERNO 1;A.13676.0009.0001;FECHADO SALTO ALTO;WINE BERRY;9;9;9;9;0
INVERNO 2025;INVERNO 1;A.13676.0009.0005;FECHADO SALTO ALTO;GRAPE BROWN;9;9;9;9;0
INVERNO 2025;INVERNO 1;A.12016.0245.0001;SANDÁLIA SALTO RASTEIRO;PRETO;9;9;9;9;0
INVERNO 2025;INVERNO 1;A.13029.0131.0005;FECHADO SALTO RASTEIRO;GRAPE BROWN;9;9;9;9;0
INVERNO 2025;INVERNO 1;A.13469.0012.0004;FECHADO SALTO BAIXO;WINE BERRY;9;9;9;9;0
INVERNO 2025;INVERNO 1;A.13477.0018.0001;FECHADO SALTO ALTO;WINE BERRY;9;9;9;9;0
INVERNO 2025;INVERNO 1;A.13497.0010.0005;SANDÁLIA SALTO MÉDIO;BLUSH BEIGE;9;9;9;9;0
INVERNO 2025;INVERNO 1;A.13564.0003.0002;SANDÁLIA SALTO ALTO;CHARCOAL BROWN;9;9;9;9;0
INVERNO 2025;INVERNO 1;A.13657.0004.0001;FECHADO SALTO MÉDIO;PRETO;9;9;9;9;0
INVERNO 2025;INVERNO 1;A.13657.0004.0002;FECHADO SALTO MÉDIO;GRAPE BROWN;9;9;9;9;0
INVERNO 2025;INVERNO 1;A.13727.0001.0003;SANDÁLIA SALTO ALTO;PRETO;9;9;9;9;0
INVERNO 2025;INVERNO 1;A.12757.0154.0002;FECHADO SALTO BAIXO;PLATINO/SILVER;9;9;9;9;0
INVERNO 2025;INVERNO 1;A.13211.0015.0002;FECHADO SALTO MÉDIO;WINE BERRY;9;9;9;9;0
INVERNO 2025;INVERNO 1;A.13654.0002.0002;BOTA SALTO BAIXO;WARM CARAMEL/PRETO;9;9;9;9;0
INVERNO 2025;INVERNO 1;A.13658.0009.0004;FECHADO SALTO BAIXO;GRAPE BROWN;9;9;9;9;0
INVERNO 2025;INVERNO 1;A.13676.0009.0007;FECHADO SALTO ALTO;PRETO;9;9;9;9;0
INVERNO 2025;INVERNO 1;A.13689.0001.0007;FECHADO SALTO RASTEIRO;BRONZE;9;9;9;9;0
INVERNO 2025;INVERNO 1;A.12757.0154.0004;FECHADO SALTO BAIXO;BLUSH BEIGE/PANACOTA;9;9;9;9;0
INVERNO 2025;INVERNO 1;A.13469.0015.0005;FECHADO SALTO BAIXO;WARM CARAMEL;9;9;9;9;0
INVERNO 2025;INVERNO 1;A.13497.0010.0009;SANDÁLIA SALTO MÉDIO;PLATINO;9;9;9;9;0
INVERNO 2025;INVERNO 1;A.13689.0001.0005;FECHADO SALTO RASTEIRO;PRETO;9;9;9;9;0
INVERNO 2025;INVERNO 1;A.13710.0004.0003;BOTA SALTO ALTO;GRAPE BROWN;9;9;9;9;0
INVERNO 2025;INVERNO 1;A.10055.1230.0001;SANDÁLIA SALTO MÉDIO;GRAPE BROWN;9;9;9;9;0
INVERNO 2025;INVERNO 1;A.13658.0009.0002;FECHADO SALTO BAIXO;CREMA WHITE;9;9;9;9;0
INVERNO 2025;INVERNO 1;A.13676.0008.0003;FECHADO SALTO ALTO;PRETO;9;9;9;9;0
INVERNO 2025;INVERNO 1;A.13689.0001.0001;FECHADO SALTO RASTEIRO;WINE BERRY;9;9;9;9;0
INVERNO 2025;INVERNO 1;A.02695.0677.0003;SANDÁLIA SALTO MÉDIO;WARM CARAMEL;9;9;9;9;0
INVERNO 2025;INVERNO 1;A.13361.0001.0003;FECHADO SALTO RASTEIRO;PANACOTA;9;9;9;9;0
INVERNO 2025;INVERNO 1;A.13469.0007.0001;FECHADO SALTO BAIXO;PRETO;9;9;9;9;0
INVERNO 2025;INVERNO 1;A.13477.0018.0005;FECHADO SALTO ALTO;WARM CARAMEL;9;9;9;9;0
INVERNO 2025;INVERNO 1;A.13556.0005.0005;SANDÁLIA SALTO MÉDIO;PRETO;9;9;9;9;0
INVERNO 2025;INVERNO 1;A.02695.0677.0004;SANDÁLIA SALTO MÉDIO;BRONZE;9;9;9;9;0
INVERNO 2025;INVERNO 1;A.10253.0436.0020;FECHADO SALTO MÉDIO;LIGHT IVORY;9;9;9;9;0
INVERNO 2025;INVERNO 1;A.11824.0003.0003;SANDÁLIA SALTO MÉDIO;WARM CARAMEL;9;9;9;9;0
INVERNO 2025;INVERNO 1;A.12757.0155.0007;FECHADO SALTO BAIXO;BLUSH BEIGE;9;9;9;9;0
INVERNO 2025;INVERNO 1;A.12930.0045.0002;FECHADO SALTO MÉDIO;PLATINO/SILVER;9;9;9;9;0
INVERNO 2025;INVERNO 1;A.10055.0683.0054;SANDÁLIA SALTO MÉDIO;MILITAR GREEN;9;9;9;9;0
INVERNO 2025;INVERNO 1;A.10055.1230.0003;SANDÁLIA SALTO MÉDIO;SILVER/PLATINO;8;8;8;8;0
INVERNO 2025;INVERNO 1;A.11824.0003.0002;SANDÁLIA SALTO MÉDIO;WINE BERRY;8;8;8;8;0
INVERNO 2025;INVERNO 1;A.13556.0005.0004;SANDÁLIA SALTO MÉDIO;WARM CARAMEL;8;8;8;8;0
INVERNO 2025;INVERNO 1;A.13654.0002.0001;BOTA SALTO BAIXO;GRAPE BROWN/PRETO;7;7;7;7;0
INVERNO 2025;INVERNO 1;A.13703.0001.0002;FECHADO SALTO RASTEIRO;PRETO;7;7;7;7;0
INVERNO 2025;INVERNO 1;A.13629.0001.0001;FECHADO SALTO ALTO;PRETO;6;6;6;6;0
INVERNO 2025;INVERNO 1;A.13729.0001.0001;SANDÁLIA SALTO MÉDIO;PRETO;6;6;6;6;0
INVERNO 2025;INVERNO 1;A.13121.0006.0003;FECHADO SALTO ALTO;WARM ALMOND;6;6;6;6;0
INVERNO 2025;INVERNO 1;A.13307.0012.0002;FECHADO SALTO RASTEIRO;HOT CACAU;6;6;6;6;0
INVERNO 2025;INVERNO 1;A.13794.0001.0002;SANDÁLIA SALTO ALTO;HOT CACAU;6;6;6;6;0
INVERNO 2025;INVERNO 1;A.13795.0001.0002;FECHADO SALTO ALTO;HOT CACAU;6;6;6;6;0
INVERNO 2025;INVERNO 1;A.10055.0096.0051;SANDÁLIA SALTO MÉDIO;TRUE SAND;6;6;6;6;0
INVERNO 2025;INVERNO 1;A.12403.0001.0005;FECHADO SALTO RASTEIRO;PRETO;6;6;6;6;0
INVERNO 2025;INVERNO 1;A.12030.0001.0109;FECHADO SALTO RASTEIRO;WARM CARAMEL;6;6;6;6;0
INVERNO 2025;INVERNO 1;A.10055.0096.0046;SANDÁLIA SALTO MÉDIO;PRETO;6;6;6;6;0
INVERNO 2025;INVERNO 1;A.12016.0245.0002;SANDÁLIA SALTO RASTEIRO;WARM CARAMEL;6;6;6;6;0
INVERNO 2025;INVERNO 1;A.12807.0004.0002;SANDÁLIA SALTO MÉDIO;WARM CARAMEL;6;6;6;6;0
INVERNO 2025;INVERNO 1;A.12807.0004.0003;SANDÁLIA SALTO MÉDIO;PANACOTA;6;6;6;6;0
INVERNO 2025;INVERNO 1;A.12930.0044.0008;FECHADO SALTO MÉDIO;WARM CARAMEL;6;6;6;6;0
INVERNO 2025;INVERNO 1;A.13029.0117.0001;FECHADO SALTO RASTEIRO;CREMA WHITE;6;6;6;6;0
INVERNO 2025;INVERNO 1;A.13457.0027.0001;FECHADO SALTO RASTEIRO;PRETO;6;6;6;6;0
INVERNO 2025;INVERNO 1;A.13653.0008.0003;FECHADO SALTO RASTEIRO;BRUSH CARAMEL;6;6;6;6;0
INVERNO 2025;INVERNO 1;A.13708.0002.0003;SANDÁLIA SALTO RASTEIRO;PRETO;6;6;6;6;0
INVERNO 2025;INVERNO 1;A.13117.0019.0003;FECHADO SALTO RASTEIRO;BLUSH BEIGE;6;6;6;6;0
INVERNO 2025;INVERNO 1;A.13555.0010.0006;SANDÁLIA SALTO RASTEIRO;NATURAL;6;6;6;6;0
INVERNO 2025;INVERNO 1;A.13555.0010.0008;SANDÁLIA SALTO RASTEIRO;WARM CARAMEL;6;6;6;6;0
INVERNO 2025;INVERNO 1;A.13657.0001.0002;FECHADO SALTO MÉDIO;WINE BERRY;6;6;6;6;0
INVERNO 2025;INVERNO 1;A.13708.0008.0006;SANDÁLIA SALTO RASTEIRO;GRAPE BROWN;6;6;6;6;0
INVERNO 2025;INVERNO 1;A.13715.0002.0001;FECHADO SALTO BAIXO;WARM CARAMEL;6;6;6;6;0
INVERNO 2025;INVERNO 1;A.12757.0155.0005;FECHADO SALTO BAIXO;PRETO;6;6;6;6;0
INVERNO 2025;INVERNO 1;A.12757.0155.0008;FECHADO SALTO BAIXO;WARM CARAMEL;6;6;6;6;0
INVERNO 2025;INVERNO 1;A.13685.0004.0007;FECHADO SALTO MÉDIO;GRAPE BROWN;6;6;6;6;0
INVERNO 2025;INVERNO 1;A.13696.0001.0001;FECHADO SALTO ALTO;PRETO;6;6;6;6;0
INVERNO 2025;INVERNO 1;A.13469.0012.0002;FECHADO SALTO BAIXO;WARM CARAMEL;6;6;6;6;0
INVERNO 2025;INVERNO 1;A.13476.0008.0001;FECHADO SALTO RASTEIRO;BLUS SAND/CREM WHIT/URBA GREY/URBA RED;6;6;6;6;0
INVERNO 2025;INVERNO 1;A.13653.0008.0001;FECHADO SALTO RASTEIRO;PRETO;6;6;6;6;0
INVERNO 2025;INVERNO 1;A.13687.0008.0002;FECHADO SALTO RASTEIRO;WARM CARAMEL;6;6;6;6;0
INVERNO 2025;INVERNO 1;A.13708.0003.0001;SANDÁLIA SALTO RASTEIRO;STRACCI;6;6;6;6;0
INVERNO 2025;INVERNO 1;A.12016.0149.0014;SANDÁLIA SALTO RASTEIRO;GRAPE BROWN;6;6;6;6;0
INVERNO 2025;INVERNO 1;A.12016.0249.0002;SANDÁLIA SALTO RASTEIRO;PANACOTA;6;6;6;6;0
INVERNO 2025;INVERNO 1;A.13117.0019.0001;FECHADO SALTO RASTEIRO;WINE BERRY;6;6;6;6;0
INVERNO 2025;INVERNO 1;A.13476.0001.0015;FECHADO SALTO RASTEIRO;BRANCO;6;6;6;6;0
INVERNO 2025;INVERNO 1;A.13476.0008.0003;FECHADO SALTO RASTEIRO;STRACCI/CREMA WHIT/GRAP BROWN/COAT BROWN;6;6;6;6;0
INVERNO 2025;INVERNO 1;A.13564.0004.0001;SANDÁLIA SALTO ALTO;CREMA WHITE;6;6;6;6;0
INVERNO 2025;INVERNO 1;A.13687.0008.0001;FECHADO SALTO RASTEIRO;PRETO;6;6;6;6;0
INVERNO 2025;INVERNO 1;A.13718.0001.0005;SANDÁLIA SALTO ALTO;WINE BERRY;6;6;6;6;0
INVERNO 2025;INVERNO 1;A.13361.0001.0014;FECHADO SALTO RASTEIRO;STRACCI;6;6;6;6;0
INVERNO 2025;INVERNO 1;A.13497.0010.0002;SANDÁLIA SALTO MÉDIO;PRETO;6;6;6;6;0
INVERNO 2025;INVERNO 1;A.13657.0001.0003;FECHADO SALTO MÉDIO;BLUSH BEIGE;6;6;6;6;0
INVERNO 2025;INVERNO 1;A.13723.0003.0001;BOTA SALTO BAIXO;PRETO;6;6;6;6;0
INVERNO 2025;INVERNO 1;A.13469.0015.0004;FECHADO SALTO BAIXO;BRONZE;6;6;6;6;0
INVERNO 2025;INVERNO 1;A.13476.0001.0020;FECHADO SALTO RASTEIRO;PLATINO/CREMA WHITE;6;6;6;6;0
INVERNO 2025;INVERNO 1;A.12016.0149.0012;SANDÁLIA SALTO RASTEIRO;WINE BERRY;6;6;6;6;0
INVERNO 2025;INVERNO 1;A.12016.0149.0015;SANDÁLIA SALTO RASTEIRO;BLUSH BEIGE;6;6;6;6;0
INVERNO 2025;INVERNO 1;A.13554.0009.0001;SANDÁLIA SALTO RASTEIRO;NATURAL;6;6;6;6;0
INVERNO 2025;INVERNO 1;A.13689.0001.0008;FECHADO SALTO RASTEIRO;NATURAL/PRETO;6;6;6;6;0
INVERNO 2025;INVERNO 1;A.13696.0001.0002;FECHADO SALTO ALTO;WINE BERRY;6;6;6;6;0
INVERNO 2025;INVERNO 1;A.13029.0131.0007;FECHADO SALTO RASTEIRO;PRETO;6;6;6;6;0
INVERNO 2025;INVERNO 1;A.13569.0011.0008;SANDÁLIA SALTO RASTEIRO;PRETO;6;6;6;6;0
INVERNO 2025;INVERNO 1;A.13569.0011.0009;SANDÁLIA SALTO RASTEIRO;WARM CARAMEL;6;6;6;6;0
INVERNO 2025;INVERNO 1;A.13676.0001.0003;FECHADO SALTO ALTO;PRETO;6;6;6;6;0
INVERNO 2025;INVERNO 1;A.13676.0001.0009;FECHADO SALTO ALTO;GRAPE BROWN;6;6;6;6;0
INVERNO 2025;INVERNO 1;A.13685.0004.0003;FECHADO SALTO MÉDIO;WINE BERRY;6;6;6;6;0
INVERNO 2025;INVERNO 1;A.13700.0001.0002;FECHADO SALTO BAIXO;BRONZE;6;6;6;6;0
INVERNO 2025;INVERNO 1;A.11173.0001.0001;BOTA SALTO BAIXO;PRETO;6;6;6;6;0
INVERNO 2025;INVERNO 1;A.11843.0028.0001;BOTA SALTO BAIXO;PRETO;6;6;6;6;0
INVERNO 2025;INVERNO 1;A.13676.0008.0001;FECHADO SALTO ALTO;WINE BERRY;6;6;6;6;0
INVERNO 2025;INVERNO 1;A.13692.0002.0003;FECHADO SALTO BAIXO;WARM CARAMEL;4;4;4;4;0
INVERNO 2025;INVERNO 1;A.13692.0002.0009;FECHADO SALTO BAIXO;PRETO;4;4;4;4;0
INVERNO 2025;INVERNO 1;A.13476.0001.0022;FECHADO SALTO RASTEIRO;NATURAL/CREMA WHITE;4;4;4;4;0
INVERNO 2025;INVERNO 1;A.13692.0001.0007;FECHADO SALTO BAIXO;PRETO;4;4;4;4;0
INVERNO 2025;INVERNO 1;A.13476.0001.0017;FECHADO SALTO RASTEIRO;WINE BERRY/CREMA WHITE;4;4;4;4;0
INVERNO 2025;INVERNO 1;A.13671.0007.0001;BOTA SALTO MÉDIO;PRETO;4;4;4;4;0
INVERNO 2025;INVERNO 1;A.13692.0001.0001;FECHADO SALTO BAIXO;NATURAL/LENHA;4;4;4;4;0
INVERNO 2025;INVERNO 1;A.50023.0036.0168;PEQUENA;WINE BERRY;3;3;3;3;0
INVERNO 2025;INVERNO 1;A.50018.0617.0021;MÉDIA;PANACOTA;3;3;3;3;0
INVERNO 2025;INVERNO 1;A.50023.0036.0170;PEQUENA;MILITAR GREEN;3;3;3;3;0
INVERNO 2025;INVERNO 1;A.50029.0249.0001;GRANDE;PRETO;2;2;2;2;0
INVERNO 2025;INVERNO 1;A.50029.0252.0001;MÉDIA;PRETO;2;2;2;2;0
INVERNO 2025;INVERNO 1;A.57100.2497.0001;MÉDIA;PRETO;2;2;2;2;0
INVERNO 2025;INVERNO 1;A.57100.2498.0001;MÉDIA;PRETO;2;2;2;2;0
INVERNO 2025;INVERNO 1;A.57100.2498.0002;MÉDIA;CARAMEL;2;2;2;2;0
INVERNO 2025;INVERNO 1;A.57100.2500.0001;MÉDIA;PRETO;2;2;2;2;0
INVERNO 2025;INVERNO 1;A.57100.2503.0001;PEQUENA;PRETO;2;2;2;2;0
INVERNO 2025;INVERNO 1;A.57100.2504.0001;GRANDE;PRETO;2;2;2;2;0
INVERNO 2025;INVERNO 1;A.40011.0188.0019;NEUTRAL PEQUENA;WINE BERRY;2;2;2;2;0
INVERNO 2025;INVERNO 1;A.50011.0723.0027;PEQUENA;WINE BERRY;2;2;2;2;0
INVERNO 2025;INVERNO 1;A.50011.0723.0030;PEQUENA;WARM CARAMEL;2;2;2;2;0
INVERNO 2025;INVERNO 1;A.50023.0477.0108;MÉDIA;WINE BERRY;2;2;2;2;0
INVERNO 2025;INVERNO 1;A.50011.0723.0018;PEQUENA;PLATINO;2;2;2;2;0
INVERNO 2025;INVERNO 1;A.50021.0813.0010;GRANDE;PRETO;2;2;2;2;0
INVERNO 2025;INVERNO 1;A.43000.0485.0016;MÉDIO;BRUMA;2;2;2;2;0
INVERNO 2025;INVERNO 1;A.43000.0414.0034;FINO;WINE BERRY;2;2;2;2;0
INVERNO 2025;INVERNO 1;A.50014.0480.0003;GRANDE;EXPRESSO BROWN;2;2;2;2;0
INVERNO 2025;INVERNO 1;A.50018.1057.0001;MÉDIA;PRETO;2;2;2;2;0
INVERNO 2025;INVERNO 1;A.50021.0908.0002;GRANDE;WINE BERRY;2;2;2;2;0
INVERNO 2025;INVERNO 1;A.50021.0908.0003;GRANDE;CREMA WHITE;2;2;2;2;0
INVERNO 2025;INVERNO 1;A.50034.0078.0008;PEQUENA;WINE BERRY;2;2;2;2;0
INVERNO 2025;INVERNO 1;A.50034.0078.0011;PEQUENA;GRAPE BROWN;2;2;2;2;0
INVERNO 2025;INVERNO 1;A.50023.0752.0003;GRANDE;WINE BERRY;2;2;2;2;0
INVERNO 2025;INVERNO 1;A.50034.0076.0010;GRANDE;BRUMA;2;2;2;2;0
INVERNO 2025;INVERNO 1;A.50034.0100.0006;PEQUENA;WARM CARAMEL;2;2;2;2;0
INVERNO 2025;INVERNO 1;A.50014.0480.0009;GRANDE;FRESH RUBY;2;2;2;2;0
INVERNO 2025;INVERNO 1;A.50014.0482.0001;PEQUENA;PRETO;2;2;2;2;0
INVERNO 2025;INVERNO 1;A.50018.0589.0038;PEQUENA;PANACOTA;2;2;2;2;0
INVERNO 2025;INVERNO 1;A.50018.1057.0002;MÉDIA;WINE BERRY;2;2;2;2;0
INVERNO 2025;INVERNO 1;A.50021.0913.0003;GRANDE;WINE BERRY;2;2;2;2;0
INVERNO 2025;INVERNO 1;A.50021.0913.0004;GRANDE;MILITAR GREEN;2;2;2;2;0
INVERNO 2025;INVERNO 1;A.50023.0743.0002;PEQUENA;WINE BERRY;2;2;2;2;0
INVERNO 2025;INVERNO 1;A.50023.0745.0002;MÉDIA;WINE BERRY;2;2;2;2;0
INVERNO 2025;INVERNO 1;A.50011.0630.0052;GRANDE;GRAPE BROWN;2;2;2;2;0
INVERNO 2025;INVERNO 1;A.50018.0589.0037;PEQUENA;PRETO;2;2;2;2;0
INVERNO 2025;INVERNO 1;A.50023.0744.0004;GRANDE;WARM CARAMEL;2;2;2;2;0
INVERNO 2025;INVERNO 1;A.50034.0076.0009;GRANDE;WINE BERRY;2;2;2;2;0
INVERNO 2025;INVERNO 1;A.50015.0588.0001;PEQUENA;PRETO;2;2;2;2;0
INVERNO 2025;INVERNO 1;A.50018.1056.0003;GRANDE;CREMA WHITE;2;2;2;2;0
INVERNO 2025;INVERNO 1;A.50018.1057.0003;MÉDIA;CREMA WHITE;2;2;2;2;0
INVERNO 2025;INVERNO 1;A.50021.0905.0002;GRANDE;CREMA WHITE;2;2;2;2;0
INVERNO 2025;INVERNO 1;A.50023.0477.0110;MÉDIA;GRAPE BROWN;2;2;2;2;0
INVERNO 2025;INVERNO 1;A.50023.0744.0002;GRANDE;WINE BERRY;2;2;2;2;0
INVERNO 2025;INVERNO 1;A.50023.0747.0005;GRANDE;WARM CARAMEL;2;2;2;2;0
INVERNO 2025;INVERNO 1;A.50023.0750.0003;PEQUENA;WINE BERRY;2;2;2;2;0
INVERNO 2025;INVERNO 1;A.50014.0480.0013;GRANDE;DARK PEWTER;2;2;2;2;0
INVERNO 2025;INVERNO 1;A.50014.0483.0001;PEQUENA;PRETO;2;2;2;2;0
INVERNO 2025;INVERNO 1;A.50015.0588.0003;PEQUENA;TOPO GREY;2;2;2;2;0
INVERNO 2025;INVERNO 1;A.50023.0423.0082;PEQUENA;CREMA WHITE;2;2;2;2;0
INVERNO 2025;INVERNO 1;A.50023.0747.0004;GRANDE;TOPO GREY;2;2;2;2;0
INVERNO 2025;INVERNO 1;A.50018.1055.0004;PEQUENA;BRUMA;2;2;2;2;0
INVERNO 2025;INVERNO 1;A.50023.0518.0076;PEQUENA;GRAPE BROWN;2;2;2;2;0
INVERNO 2025;INVERNO 1;A.50018.1055.0002;PEQUENA;WINE BERRY;2;2;2;2;0
INVERNO 2025;INVERNO 1;A.50021.0639.0082;PEQUENA;BRUMA;2;2;2;2;0
INVERNO 2025;INVERNO 1;A.50021.0909.0002;PEQUENA;WINE BERRY;2;2;2;2;0
INVERNO 2025;INVERNO 1;A.50018.1043.0001;GRANDE;PRETO;2;2;2;2;0
INVERNO 2025;INVERNO 1;A.50018.1044.0002;PEQUENA;OCRA CARAMEL;2;2;2;2;0
INVERNO 2025;INVERNO 1;A.50018.1044.0001;PEQUENA;PRETO;1;1;1;1;0
INVERNO 2025;INVERNO 1;A.50018.1045.0002;PEQUENA;OCRA CARAMEL;1;1;1;1;0
INVERNO 2025;INVERNO 1;A.50015.0604.0003;GRANDE;HOT CACAU;1;1;1;1;0
INVERNO 2025;INVERNO 1;A.50015.0605.0002;MÉDIA;WARM ALMOND;1;1;1;1;0
INVERNO 2025;INVERNO 1;A.50015.0605.0004;MÉDIA;MULTI PRETO/PRETO;1;1;1;1;0
INVERNO 2025;INVERNO 1;A.50034.0078.0009;PEQUENA;BRUMA;1;1;1;1;0
INVERNO 2025;INVERNO 1;A.40011.0353.0003;NEUTRAL PEQUENA;TOPO GREY;1;1;1;1;0
INVERNO 2025;INVERNO 1;A.40011.0356.0005;NEUTRAL GRANDE;WARM CARAMEL;1;1;1;1;0
INVERNO 2025;INVERNO 1;A.40011.0356.0003;NEUTRAL GRANDE;WINE BERRY;1;1;1;1;0
INVERNO 2025;INVERNO 1;A.50011.0630.0029;GRANDE;PRETO;1;1;1;1;0
INVERNO 2025;INVERNO 1;A.50018.1047.0001;MÉDIA;PRETO;1;1;1;1;0
INVERNO 2025;INVERNO 1;A.50023.0051.0093;PEQUENA;MILITAR GREEN;1;1;1;1;0
INVERNO 2025;INVERNO 1;A.50014.0616.0001;GRANDE;PRETO;1;1;1;1;0
INVERNO 2025;INVERNO 1;A.50018.1050.0001;MÉDIA;PRETO;1;1;1;1;0
INVERNO 2025;INVERNO 1;A.50011.0886.0001;MÉDIA;PRETO;1;1;1;1;0
INVERNO 2025;INVERNO 1;A.50011.0894.0003;PEQUENA;WINE BERRY;1;1;1;1;0
INVERNO 2025;INVERNO 1;A.50014.0616.0004;GRANDE;WINE BERRY;1;1;1;1;0
INVERNO 2025;INVERNO 1;A.50014.0619.0003;MÉDIA;TOPO GREY;1;1;1;1;0
INVERNO 2025;INVERNO 1;A.50014.0622.0004;MÉDIA;WARM CARAMEL;1;1;1;1;0
INVERNO 2025;INVERNO 1;A.50015.0586.0002;GRANDE;WINE BERRY;1;1;1;1;0
INVERNO 2025;INVERNO 1;A.50021.0907.0005;PEQUENA;SILVER;1;1;1;1;0
INVERNO 2025;INVERNO 1;A.50021.0917.0003;MÉDIA;COAT BROWN;1;1;1;1;0
INVERNO 2025;INVERNO 1;A.50023.0050.0097;MÉDIA;WINE BERRY;1;1;1;1;0
INVERNO 2025;INVERNO 1;A.50015.0587.0001;MÉDIA;PRETO;1;1;1;1;0
INVERNO 2025;INVERNO 1;A.50018.1048.0003;GRANDE;WINE BERRY;1;1;1;1;0
INVERNO 2025;INVERNO 1;A.50018.1054.0001;MÉDIA;PRETO;1;1;1;1;0
INVERNO 2025;INVERNO 1;A.50018.1054.0003;MÉDIA;WINE BERRY;1;1;1;1;0
INVERNO 2025;INVERNO 1;A.50011.0885.0004;GRANDE;WINE BERRY;1;1;1;1;0
INVERNO 2025;INVERNO 1;A.50014.0619.0004;MÉDIA;WARM CARAMEL;1;1;1;1;0
INVERNO 2025;INVERNO 1;A.50014.0621.0004;GRANDE;WARM CARAMEL;1;1;1;1;0
INVERNO 2025;INVERNO 1;A.50015.0587.0004;MÉDIA;WARM CARAMEL;1;1;1;1;0
INVERNO 2025;INVERNO 1;A.50021.0906.0005;PEQUENA;GRAPE BROWN;1;1;1;1;0
INVERNO 2025;INVERNO 1;A.50011.0886.0004;MÉDIA;WINE BERRY;1;1;1;1;0
INVERNO 2025;INVERNO 1;A.50014.0481.0007;PEQUENA;FRESH RUBY;1;1;1;1;0
INVERNO 2025;INVERNO 1;A.50015.0586.0004;GRANDE;WARM CARAMEL;1;1;1;1;0
INVERNO 2025;INVERNO 1;A.50018.1046.0003;GRANDE;WINE BERRY;1;1;1;1;0
INVERNO 2025;INVERNO 1;A.50018.1049.0006;GRANDE;WARM CARAMEL;1;1;1;1;0
INVERNO 2025;INVERNO 1;A.50021.0907.0008;PEQUENA;BRONZE;1;1;1;1;0
INVERNO 2025;INVERNO 1;A.50011.0885.0001;GRANDE;PRETO;1;1;1;1;0
INVERNO 2025;INVERNO 1;A.50018.1043.0002;GRANDE;OCRA CARAMEL;1;1;1;1;0
INVERNO 2025;INVERNO 1;A.13793.0001.0001;SANDÁLIA SALTO MÉDIO;WARM ALMOND;6;6;0;0;0
INVERNO 2025;INVERNO 1;A.13794.0002.0001;SANDÁLIA SALTO ALTO;PRETO MULTI;6;6;0;0;0
INVERNO 2025;CÁPSULA;A.10176.1136.0003;SANDÁLIA SALTO RASTEIRO;LIP BLUSH;9;9;9;3;6
INVERNO 2025;CÁPSULA;A.03199.0246.0036;SANDÁLIA SALTO BAIXO;HOT COGNAC;9;9;9;4;5
INVERNO 2025;CÁPSULA;A.13569.0011.0009;SANDÁLIA SALTO RASTEIRO;WARM CARAMEL;9;9;9;5;4
INVERNO 2025;CÁPSULA;A.12930.0057.0004;FECHADO SALTO MÉDIO;LADY BLUSH;9;9;9;6;3
INVERNO 2025;CÁPSULA;A.03199.0246.0035;SANDÁLIA SALTO BAIXO;LIGHT COCONUT;9;9;9;6;3
INVERNO 2025;CÁPSULA;A.12757.0169.0004;FECHADO SALTO BAIXO;LADY BLUSH;12;12;12;10;2
INVERNO 2025;CÁPSULA;A.13567.0004.0005;SANDÁLIA SALTO MÉDIO;SWEET ROSE;9;9;9;7;2
INVERNO 2025;CÁPSULA;A.03199.0246.0034;SANDÁLIA SALTO BAIXO;LIP BLUSH;9;9;9;7;2
INVERNO 2025;CÁPSULA;A.13787.0001.0003;SANDÁLIA SALTO BAIXO;LADY BLUSH;9;9;9;7;2
INVERNO 2025;CÁPSULA;A.02695.0687.0005;SANDÁLIA SALTO MÉDIO;PRETO;9;9;9;7;2
INVERNO 2025;CÁPSULA;A.11057.0001.0166;SANDÁLIA SALTO RASTEIRO;HOT COGNAC;9;9;9;7;2
INVERNO 2025;CÁPSULA;A.13219.0034.0004;FECHADO SALTO RASTEIRO;LADY BLUSH;9;9;9;7;2
INVERNO 2025;CÁPSULA;A.13796.0001.0002;FECHADO SALTO RASTEIRO;BRANCO/PLATINO;9;9;9;7;2
INVERNO 2025;CÁPSULA;A.12977.0048.0004;SANDÁLIA SALTO ALTO;LADY BLUSH;6;6;6;4;2
INVERNO 2025;CÁPSULA;A.02695.0687.0003;SANDÁLIA SALTO MÉDIO;LADY BLUSH;9;9;9;8;1
INVERNO 2025;CÁPSULA;A.12757.0112.0016;FECHADO SALTO BAIXO;HOT COGNAC;9;9;9;8;1
INVERNO 2025;CÁPSULA;A.13809.0001.0002;FECHADO SALTO MÉDIO;LIGHT IVORY;9;9;9;8;1
INVERNO 2025;CÁPSULA;A.12930.0057.0005;FECHADO SALTO MÉDIO;PRETO;9;9;9;8;1
INVERNO 2025;CÁPSULA;A.13476.0001.0026;FECHADO SALTO RASTEIRO;NAVY NAUTICAL/CREMA WHITE/URBAN RED;9;9;9;8;1
INVERNO 2025;CÁPSULA;A.13555.0010.0007;SANDÁLIA SALTO RASTEIRO;PRETO;9;9;9;8;1
INVERNO 2025;CÁPSULA;A.10176.1136.0004;SANDÁLIA SALTO RASTEIRO;HOT COGNAC;9;9;9;8;1
INVERNO 2025;CÁPSULA;A.13555.0010.0008;SANDÁLIA SALTO RASTEIRO;WARM CARAMEL;9;9;9;8;1
INVERNO 2025;CÁPSULA;A.12030.0065.0002;FECHADO SALTO RASTEIRO;WARM CARAMEL;12;12;12;12;0
INVERNO 2025;CÁPSULA;A.13444.0010.0002;SANDÁLIA SALTO MÉDIO;LADY BLUSH;9;9;9;9;0
INVERNO 2025;CÁPSULA;A.13807.0002.0001;SANDÁLIA SALTO ALTO;PRETO;9;9;9;9;0
INVERNO 2025;CÁPSULA;A.12757.0112.0013;FECHADO SALTO BAIXO;FRESH BEIGE;9;9;9;9;0
INVERNO 2025;CÁPSULA;A.13219.0034.0005;FECHADO SALTO RASTEIRO;PRETO;9;9;9;9;0
INVERNO 2025;CÁPSULA;A.13565.0014.0004;SANDÁLIA SALTO RASTEIRO;CHAMPAGNE;9;9;9;9;0
INVERNO 2025;CÁPSULA;A.13809.0001.0003;FECHADO SALTO MÉDIO;FRESH RUBY;9;9;9;9;0
INVERNO 2025;CÁPSULA;A.12757.0169.0005;FECHADO SALTO BAIXO;SWEET ROSE;9;9;9;9;0
INVERNO 2025;CÁPSULA;A.13565.0014.0003;SANDÁLIA SALTO RASTEIRO;WARM CARAMEL;9;9;9;9;0
INVERNO 2025;CÁPSULA;A.11656.0022.0003;FECHADO SALTO RASTEIRO;PANACOTA/FRESH RUBY;9;9;9;9;0
INVERNO 2025;CÁPSULA;A.12016.0082.0077;SANDÁLIA SALTO RASTEIRO;LIP BLUSH;9;9;9;9;0
INVERNO 2025;CÁPSULA;A.13444.0010.0001;SANDÁLIA SALTO MÉDIO;SWEET ROSE;9;9;9;9;0
INVERNO 2025;CÁPSULA;A.13554.0010.0003;SANDÁLIA SALTO RASTEIRO;HOT COGNAC;9;9;9;9;0
INVERNO 2025;CÁPSULA;A.13565.0013.0004;SANDÁLIA SALTO RASTEIRO;FRESH RUBY;9;9;9;9;0
INVERNO 2025;CÁPSULA;A.13569.0011.0010;SANDÁLIA SALTO RASTEIRO;FRESH BEIGE;9;9;9;9;0
INVERNO 2025;CÁPSULA;A.12030.0065.0003;FECHADO SALTO RASTEIRO;FRESH RUBY;9;9;9;9;0
INVERNO 2025;CÁPSULA;A.13565.0013.0001;SANDÁLIA SALTO RASTEIRO;PRETO;8;8;8;8;0
INVERNO 2025;CÁPSULA;A.13565.0013.0005;SANDÁLIA SALTO RASTEIRO;CHAMPAGNE;8;8;8;8;0
INVERNO 2025;CÁPSULA;A.13787.0001.0005;SANDÁLIA SALTO BAIXO;PRETO;7;7;7;7;0
INVERNO 2025;CÁPSULA;A.13796.0001.0004;FECHADO SALTO RASTEIRO;URBAN GREY/BRANCO/PRETO;7;7;7;7;0
INVERNO 2025;CÁPSULA;A.12977.0048.0006;SANDÁLIA SALTO ALTO;PRETO;6;6;6;6;0
INVERNO 2025;CÁPSULA;A.13787.0001.0001;SANDÁLIA SALTO BAIXO;SWEET ROSE;6;6;6;6;0
INVERNO 2025;CÁPSULA;A.13807.0002.0005;SANDÁLIA SALTO ALTO;ONCA;6;6;6;6;0
INVERNO 2025;CÁPSULA;A.13555.0010.0009;SANDÁLIA SALTO RASTEIRO;LIP BLUSH;6;6;6;6;0
INVERNO 2025;CÁPSULA;A.50011.0723.0037;PEQUENA;POWDER ROSE;4;4;4;4;0
INVERNO 2025;CÁPSULA;A.50011.0723.0035;PEQUENA;PRETO;4;4;4;4;0
INVERNO 2025;CÁPSULA;A.50011.0670.0045;PEQUENA;POWDER ROSE;4;4;4;4;0
INVERNO 2025;CÁPSULA;A.50023.0779.0001;GRANDE;PRETO;3;3;3;3;0
INVERNO 2025;CÁPSULA;A.50023.0777.0004;GRANDE;NOGUEIRA;3;3;3;3;0
INVERNO 2025;CÁPSULA;A.50023.0778.0001;GRANDE;PRETO;3;3;3;3;0
INVERNO 2025;CÁPSULA;A.50011.0934.0003;GRANDE;TARTUFO;3;3;3;3;0
INVERNO 2025;CÁPSULA;A.50023.0778.0003;GRANDE;FRESH RUBY;3;3;3;3;0
INVERNO 2025;CÁPSULA;A.50023.0779.0004;GRANDE;WARM CARAMEL;3;3;3;3;0
INVERNO 2025;CÁPSULA;A.50011.0670.0001;PEQUENA;PRETO;2;2;2;2;0
INVERNO 2025;CÁPSULA;A.50023.0452.0108;GRANDE;SWEET ROSE;2;2;2;2;0
INVERNO 2025;CÁPSULA;A.50023.0452.0109;GRANDE;POWDER ROSE;2;2;2;2;0
INVERNO 2025;CÁPSULA;A.50011.0670.0047;PEQUENA;SWEET ROSE;2;2;2;2;0
INVERNO 2025;CÁPSULA;A.50021.0639.0088;PEQUENA;POWDER ROSE;2;2;2;2;0
INVERNO 2025;CÁPSULA;A.50018.0769.0011;GRANDE;POWDER ROSE;1;1;1;1;0
INVERNO 2025;CÁPSULA;A.50021.0945.0003;MÉDIA;LADY BLUSH;1;1;1;1;0
INVERNO 2025;CÁPSULA;A.50018.0770.0010;MÉDIA;SWEET ROSE;1;1;1;1;0
INVERNO 2025;CÁPSULA;A.50018.1110.0005;PEQUENA;PRETO;1;1;1;1;0
INVERNO 2025;CÁPSULA;A.50018.1110.0006;PEQUENA;HOT COGNAC;1;1;1;1;0
INVERNO 2025;CÁPSULA;A.50018.1107.0001;GRANDE;SWEET ROSE;1;1;1;1;0
INVERNO 2025;CÁPSULA;A.50018.1107.0004;GRANDE;PRETO;1;1;1;1;0
INVERNO 2025;CÁPSULA;A.50024.0636.0003;GRANDE;LIGHT COCONUT;1;1;1;1;0
INVERNO 2025;CÁPSULA;A.50014.0638.0002;GRANDE;LADY BLUSH;1;1;1;1;0
INVERNO 2025;CÁPSULA;A.50024.0636.0001;GRANDE;PRETO;1;1;1;1;0
INVERNO 2025;CÁPSULA;A.50018.0769.0012;GRANDE;PRETO;1;1;1;1;0
INVERNO 2025;PRE FALL;A.12463.0050.0008;SANDÁLIA SALTO MÉDIO;WARM CARAMEL;12;12;12;10;2
INVERNO 2025;PRE FALL;A.13659.0001.0001;SANDÁLIA SALTO ALTO;PRETO;9;9;9;7;2
INVERNO 2025;PRE FALL;A.13650.0004.0001;FECHADO SALTO RASTEIRO;PRETO;12;12;12;11;1
INVERNO 2025;PRE FALL;A.13457.0022.0001;FECHADO SALTO RASTEIRO;PRETO;9;9;9;8;1
INVERNO 2025;PRE FALL;A.13650.0003.0001;FECHADO SALTO RASTEIRO;PRETO;6;6;6;5;1
INVERNO 2025;PRE FALL;A.57100.2009.0001;GRANDE;PRETO (6)/PRETO (P1);2;2;2;1;1
INVERNO 2025;PRE FALL;A.13211.0012.0002;FECHADO SALTO MÉDIO;POLAR WHITE;12;12;12;12;0
INVERNO 2025;PRE FALL;A.13211.0012.0004;FECHADO SALTO MÉDIO;WINE BERRY;12;12;12;12;0
INVERNO 2025;PRE FALL;A.13656.0001.0001;FECHADO SALTO MÉDIO;PRETO;12;12;12;12;0
INVERNO 2025;PRE FALL;A.13656.0001.0004;FECHADO SALTO MÉDIO;WINE BERRY;12;12;12;12;0
INVERNO 2025;PRE FALL;A.13476.0001.0005;FECHADO SALTO RASTEIRO;GAUDI NATURAL/CREMA WHITE;12;12;12;12;0
INVERNO 2025;PRE FALL;A.12463.0050.0006;SANDÁLIA SALTO MÉDIO;WINE BERRY;9;9;9;9;0
INVERNO 2025;PRE FALL;A.12463.0051.0001;SANDÁLIA SALTO BAIXO;PRETO;9;9;9;9;0
INVERNO 2025;PRE FALL;A.12463.0051.0002;SANDÁLIA SALTO BAIXO;WINE BERRY;9;9;9;9;0
INVERNO 2025;PRE FALL;A.13427.0026.0001;SANDÁLIA SALTO MÉDIO;PRETO;9;9;9;9;0
INVERNO 2025;PRE FALL;A.13650.0001.0002;FECHADO SALTO RASTEIRO;SCARLET NOIR;9;9;9;9;0
INVERNO 2025;PRE FALL;A.13658.0007.0003;FECHADO SALTO BAIXO;PRETO;9;9;9;9;0
INVERNO 2025;PRE FALL;A.13659.0001.0008;SANDÁLIA SALTO ALTO;WINE BERRY;9;9;9;9;0
INVERNO 2025;PRE FALL;A.13665.0001.0001;SANDÁLIA SALTO ALTO;PRETO;9;9;9;9;0
INVERNO 2025;PRE FALL;A.13682.0001.0002;FECHADO SALTO RASTEIRO;WINE BERRY;9;9;9;9;0
INVERNO 2025;PRE FALL;A.13682.0001.0003;FECHADO SALTO RASTEIRO;ROAST CARAMEL;9;9;9;9;0
INVERNO 2025;PRE FALL;A.13682.0001.0005;FECHADO SALTO RASTEIRO;PRETO;9;9;9;9;0
INVERNO 2025;PRE FALL;A.13656.0001.0005;FECHADO SALTO MÉDIO;ROAST CARAMEL;9;9;9;9;0
INVERNO 2025;PRE FALL;A.13658.0001.0002;FECHADO SALTO BAIXO;WINE BERRY;9;9;9;9;0
INVERNO 2025;PRE FALL;A.13476.0001.0014;FECHADO SALTO RASTEIRO;PURE VANILLA/CREMA WHITE/PRETO;9;9;9;9;0
INVERNO 2025;PRE FALL;A.13667.0001.0001;FECHADO SALTO RASTEIRO;URBAN NATURAL/PRATA/GEADA/PRETO;9;9;9;9;0
INVERNO 2025;PRE FALL;A.13669.0001.0002;FECHADO SALTO RASTEIRO;CREMA WHITE/SILVER;9;9;9;9;0
INVERNO 2025;PRE FALL;A.03274.0143.0001;SANDÁLIA SALTO RASTEIRO;PRETO;6;6;6;6;0
INVERNO 2025;PRE FALL;A.03274.0143.0002;SANDÁLIA SALTO RASTEIRO;WINE BERRY;6;6;6;6;0
INVERNO 2025;PRE FALL;A.12016.0233.0001;SANDÁLIA SALTO RASTEIRO;WARM CARAMEL;6;6;6;6;0
INVERNO 2025;PRE FALL;A.12016.0233.0003;SANDÁLIA SALTO RASTEIRO;PRETO;6;6;6;6;0
INVERNO 2025;PRE FALL;A.12016.0234.0003;SANDÁLIA SALTO RASTEIRO;POLAR WHITE;6;6;6;6;0
INVERNO 2025;PRE FALL;A.12016.0234.0004;SANDÁLIA SALTO RASTEIRO;HOT BRANDY;6;6;6;6;0
INVERNO 2025;PRE FALL;A.12016.0238.0002;SANDÁLIA SALTO RASTEIRO;CURCUMA;6;6;6;6;0
INVERNO 2025;PRE FALL;A.12463.0051.0003;SANDÁLIA SALTO BAIXO;POLAR WHITE;6;6;6;6;0
INVERNO 2025;PRE FALL;A.13029.0111.0002;FECHADO SALTO RASTEIRO;POLAR WHITE;6;6;6;6;0
INVERNO 2025;PRE FALL;A.13457.0022.0002;FECHADO SALTO RASTEIRO;SCARLET NOIR;6;6;6;6;0
INVERNO 2025;PRE FALL;A.13658.0007.0002;FECHADO SALTO BAIXO;WINE BERRY;6;6;6;6;0
INVERNO 2025;PRE FALL;A.13665.0001.0002;SANDÁLIA SALTO ALTO;WINE BERRY;6;6;6;6;0
INVERNO 2025;PRE FALL;A.13211.0013.0001;FECHADO SALTO MÉDIO;NATURAL/PRETO;6;6;6;6;0
INVERNO 2025;PRE FALL;A.13661.0001.0002;FECHADO SALTO ALTO;WINE BERRY;6;6;6;6;0
INVERNO 2025;PRE FALL;A.50029.0085.0001;GRANDE;PRETO;2;2;2;2;0
INVERNO 2025;PRE FALL;A.57100.1798.0016;PEQUENA;PANACOTA;2;2;2;2;0
INVERNO 2025;PRE FALL;A.50018.1030.0001;GRANDE;PRETO;2;2;2;2;0
INVERNO 2025;PRE FALL;A.50018.1030.0005;GRANDE;ROAST CARAMEL;2;2;2;2;0
INVERNO 2025;PRE FALL;A.50018.1032.0001;PEQUENA;PRETO;2;2;2;2;0
INVERNO 2025;PRE FALL;A.50018.1032.0009;PEQUENA;SILVER;2;2;2;2;0
INVERNO 2025;PRE FALL;A.50011.0876.0001;GRANDE;PRETO;1;1;1;1;0
INVERNO 2025;PRE FALL;A.50011.0876.0004;GRANDE;WARM CARAMEL;1;1;1;1;0
INVERNO 2025;PRE FALL;A.50011.0877.0001;MÉDIA;PRETO;1;1;1;1;0
INVERNO 2025;PRE FALL;A.50011.0877.0004;MÉDIA;WARM CARAMEL;1;1;1;1;0
INVERNO 2025;PRE FALL;A.50011.0878.0001;GRANDE;PRETO;1;1;1;1;0
INVERNO 2025;PRE FALL;A.50011.0878.0005;GRANDE;CARAMEL MULTI/PRETO;1;1;1;1;0
INVERNO 2025;PRE FALL;A.50014.0610.0001;GRANDE;PRETO;1;1;1;1;0
INVERNO 2025;PRE FALL;A.50014.0610.0004;GRANDE;ROAST CARAMEL;1;1;1;1;0
INVERNO 2025;PRE FALL;A.50014.0611.0001;MÉDIA;PRETO;1;1;1;1;0
INVERNO 2025;PRE FALL;A.50014.0612.0003;GRANDE;WARM CARAMEL;1;1;1;1;0
INVERNO 2025;PRE FALL;A.50014.0613.0001;MÉDIA;PRETO;1;1;1;1;0
INVERNO 2025;PRE FALL;A.50014.0613.0003;MÉDIA;WARM CARAMEL;1;1;1;1;0
INVERNO 2025;PRE FALL;A.50018.0917.0001;GRANDE;HOT BRANDY;1;1;1;1;0
INVERNO 2025;PRE FALL;A.50018.0918.0001;PEQUENA;HOT BRANDY;1;1;1;1;0
INVERNO 2025;PRE FALL;A.50018.1032.0002;PEQUENA;WINE BERRY;1;1;1;1;0
INVERNO 2025;PRE FALL;A.50018.1032.0010;PEQUENA;NATURAL/PRETO;1;1;1;1;0
INVERNO 2025;PRE FALL;A.50018.1035.0001;MÉDIA;PRETO/PRETO;1;1;1;1;0
INVERNO 2025;PRE FALL;A.50018.1035.0004;MÉDIA;ROAST CARAMEL/ROAST CARAMEL;1;1;1;1;0
INVERNO 2025;PRE FALL;A.50021.0896.0002;GRANDE;WINE BERRY;1;1;1;1;0
INVERNO 2025;PRE FALL;A.50021.0897.0001;GRANDE;PRETO;1;1;1;1;0
INVERNO 2025;PRE FALL;A.50021.0898.0001;MÉDIA;PRETO;1;1;1;1;0
INVERNO 2025;PRE FALL;A.50021.0898.0002;MÉDIA;WINE BERRY;1;1;1;1;0
INVERNO 2025;PRE FALL;A.50021.0900.0001;MÉDIA;PRETO;1;1;1;1;0
INVERNO 2025;PRE FALL;A.50023.0725.0001;GRANDE;PRETO;1;1;1;1;0
INVERNO 2025;PRE FALL;A.50023.0725.0006;GRANDE;ROAST CARAMEL;1;1;1;1;0
INVERNO 2025;PRE FALL;A.50023.0728.0001;GRANDE;PRETO;1;1;1;1;0
INVERNO 2025;PRE FALL;A.50023.0728.0003;GRANDE;WARM CARAMEL;1;1;1;1;0
INVERNO 2025;PRE FALL;A.50023.0729.0001;PEQUENA;PRETO;1;1;1;1;0
INVERNO 2025;PRE FALL;A.50023.0729.0003;PEQUENA;WARM CARAMEL;1;1;1;1;0
INVERNO 2025;PRE FALL;A.50023.0737.0003;PEQUENA;SILVER;1;1;1;1;0
INVERNO 2025;PRE FALL;A.50023.0737.0004;PEQUENA;WINE BERRY;1;1;1;1;0
INVERNO 2025;PRE FALL;A.50023.0737.0007;PEQUENA;PRETO;1;1;1;1;0
INVERNO 2025;ATEMPORAIS;A.03762.6723.0207;FECHADO SALTO RASTEIRO;PRETO;11;11;11;1;10
INVERNO 2025;ATEMPORAIS;A.10055.0598.0003;SANDÁLIA SALTO MÉDIO;PANACOTA;15;15;15;9;6
INVERNO 2025;ATEMPORAIS;A.11057.0001.0012;SANDÁLIA SALTO RASTEIRO;MELADO;10;10;10;5;5
INVERNO 2025;ATEMPORAIS;A.10055.0380.0001;SANDÁLIA SALTO MÉDIO;PRETO;5;5;5;0;5
INVERNO 2025;ATEMPORAIS;A.50021.0639.0035;PEQUENA;TRUE SAND;10;10;10;6;4
INVERNO 2025;ATEMPORAIS;A.04202.0001.0080;FECHADO SALTO RASTEIRO;PRETO;4;4;4;0;4
INVERNO 2025;ATEMPORAIS;A.03274.0012.0185;SANDÁLIA SALTO RASTEIRO;TRUE SAND;4;4;4;0;4
INVERNO 2025;ATEMPORAIS;A.13073.0007.0006;SANDÁLIA SALTO BAIXO;PRETO;4;4;4;0;4
INVERNO 2025;ATEMPORAIS;A.11057.0001.0011;SANDÁLIA SALTO RASTEIRO;PRETO;4;4;4;0;4
INVERNO 2025;ATEMPORAIS;A.02695.0026.0355;SANDÁLIA SALTO MÉDIO;TRUE SAND;5;5;5;2;3
INVERNO 2025;ATEMPORAIS;A.13073.0007.0010;SANDÁLIA SALTO BAIXO;WARM CARAMEL;3;3;3;0;3
INVERNO 2025;ATEMPORAIS;A.03762.6723.0915;FECHADO SALTO RASTEIRO;TRUE SAND;10;10;10;8;2
INVERNO 2025;ATEMPORAIS;A.10292.0001.0210;FECHADO SALTO ALTO;PRETO;5;5;5;3;2
INVERNO 2025;ATEMPORAIS;A.58100.0497.0030;GRANDE;PRETO;2;2;2;0;2
INVERNO 2025;ATEMPORAIS;A.58100.0499.0006;PEQUENA;PRETO;5;5;5;4;1
INVERNO 2025;ATEMPORAIS;A.10292.0001.0217;FECHADO SALTO ALTO;TRUE SAND;4;4;4;3;1
INVERNO 2025;ATEMPORAIS;A.50023.0531.0001;MÉDIA;PRETO;1;1;1;0;1
INVERNO 2025;ATEMPORAIS;A.02695.0026.0371;SANDÁLIA SALTO MÉDIO;PLATINO;1;1;1;0;1
INVERNO 2025;ATEMPORAIS;A.02624.0056.0293;SANDÁLIA SALTO ALTO;TRUE SAND;1;1;1;0;1
INVERNO 2025;ATEMPORAIS;A.11186.0001.0010;FECHADO SALTO RASTEIRO;GELO-BRANCO;1;1;1;0;1
INVERNO 2025;ATEMPORAIS;A.03274.0012.0009;SANDÁLIA SALTO RASTEIRO;PRETO;14;14;14;14;0
INVERNO 2025;ATEMPORAIS;A.11218.0044.0001;FECHADO SALTO RASTEIRO;BRANCO/PLATINO/OFF WHITE/PRETO;13;13;13;13;0
INVERNO 2025;ATEMPORAIS;A.03274.0012.0114;SANDÁLIA SALTO RASTEIRO;PLATINO;11;11;11;11;0
INVERNO 2025;ATEMPORAIS;A.10613.0001.0004;BOTA SALTO MÉDIO;PRETO;11;11;11;11;0
INVERNO 2025;ATEMPORAIS;A.12016.0082.0006;SANDÁLIA SALTO RASTEIRO;PRETO;10;10;10;10;0
INVERNO 2025;ATEMPORAIS;A.12030.0001.0002;FECHADO SALTO RASTEIRO;PRETO;10;10;10;10;0
INVERNO 2025;ATEMPORAIS;A.12030.0001.0028;FECHADO SALTO RASTEIRO;TRUE SAND;10;10;10;10;0
INVERNO 2025;ATEMPORAIS;A.10273.0072.0001;BOTA SALTO MÉDIO;PRETO;9;9;9;9;0
INVERNO 2025;ATEMPORAIS;A.12030.0001.0014;FECHADO SALTO RASTEIRO;PANACOTA;8;8;8;8;0
INVERNO 2025;ATEMPORAIS;A.12016.0082.0070;SANDÁLIA SALTO RASTEIRO;WARM CARAMEL;7;7;7;7;0
INVERNO 2025;ATEMPORAIS;A.50023.0452.0032;GRANDE;PRETO;7;7;7;7;0
INVERNO 2025;ATEMPORAIS;A.10055.0380.0059;SANDÁLIA SALTO MÉDIO;TRUE SAND;7;7;7;7;0
INVERNO 2025;ATEMPORAIS;A.10253.0001.0004;FECHADO SALTO MÉDIO;PRETO;7;7;7;7;0
INVERNO 2025;ATEMPORAIS;A.13761.0002.0001;BOTA SALTO BAIXO;PRETO;6;6;6;6;0
INVERNO 2025;ATEMPORAIS;A.03762.6723.0861;FECHADO SALTO RASTEIRO;PLATINO;6;6;6;6;0
INVERNO 2025;ATEMPORAIS;A.50023.0036.0091;PEQUENA;PRETO;5;5;5;5;0
INVERNO 2025;ATEMPORAIS;A.04202.0001.0079;FECHADO SALTO RASTEIRO;PANACOTA/PANACOTA/PRETO;5;5;5;5;0
INVERNO 2025;ATEMPORAIS;A.12403.0002.0002;FECHADO SALTO RASTEIRO;BRANCO;5;5;5;5;0
INVERNO 2025;ATEMPORAIS;A.10746.0001.0038;FECHADO SALTO BAIXO;TRUE SAND;5;5;5;5;0
INVERNO 2025;ATEMPORAIS;A.50021.0639.0020;PEQUENA;PANACOTA;4;4;4;4;0
INVERNO 2025;ATEMPORAIS;A.03034.6580.0012;BOTA SALTO BAIXO;PRETO;4;4;4;4;0
INVERNO 2025;ATEMPORAIS;A.10055.0598.0025;SANDÁLIA SALTO MÉDIO;ROAST CARAMEL;4;4;4;4;0
INVERNO 2025;ATEMPORAIS;A.50023.0452.0033;GRANDE;CAMEL;4;4;4;4;0
INVERNO 2025;ATEMPORAIS;A.10253.0001.0289;FECHADO SALTO MÉDIO;TRUE SAND;3;3;3;3;0
INVERNO 2025;ATEMPORAIS;A.50023.0452.0072;GRANDE;TRUE SAND;2;2;2;2;0
INVERNO 2025;ATEMPORAIS;A.50023.0503.0069;PEQUENA;ROAST CARAMEL;2;2;2;2;0
INVERNO 2025;ATEMPORAIS;A.10746.0001.0031;FECHADO SALTO BAIXO;PRETO;2;2;2;2;0
INVERNO 2025;ATEMPORAIS;A.50021.0639.0001;PEQUENA;PRETO;2;2;2;2;0
INVERNO 2025;ATEMPORAIS;A.11057.0001.0130;SANDÁLIA SALTO RASTEIRO;PLATINO;1;1;1;1;0
INVERNO 2025;ATEMPORAIS;A.50021.0639.0004;PEQUENA;NEO CASTANHO;1;1;1;1;0
INVERNO 2025;ATEMPORAIS;A.50023.0503.0003;PEQUENA;PRETO;1;1;1;1;0
INVERNO 2025;REPOSIÇÃO GA;A.12403.0002.0001;FECHADO SALTO RASTEIRO;PRETO;5;5;5;0;5
INVERNO 2025;REPOSIÇÃO GA;A.11904.0084.0015;FECHADO SALTO BAIXO;TRUE SAND;4;4;4;0;4
INVERNO 2025;REPOSIÇÃO GA;A.50021.0907.0005;PEQUENA;SILVER;3;3;3;0;3
INVERNO 2025;REPOSIÇÃO GA;A.12403.0001.0005;FECHADO SALTO RASTEIRO;PRETO;3;3;3;0;3
INVERNO 2025;REPOSIÇÃO GA;A.02695.0682.0008;SANDÁLIA SALTO MÉDIO;PLATINO;2;2;2;0;2
INVERNO 2025;REPOSIÇÃO GA;A.10281.0242.0002;SANDÁLIA SALTO ALTO;PRETO;2;2;2;0;2
INVERNO 2025;REPOSIÇÃO GA;A.10281.0242.0017;SANDÁLIA SALTO ALTO;TRUE SAND;2;2;2;0;2
INVERNO 2025;REPOSIÇÃO GA;A.11699.0002.0028;SANDÁLIA SALTO MÉDIO;PRETO;2;2;2;0;2
INVERNO 2025;REPOSIÇÃO GA;A.11904.0084.0005;FECHADO SALTO BAIXO;PRETO;4;4;4;3;1
INVERNO 2025;REPOSIÇÃO GA;A.10281.0242.0024;SANDÁLIA SALTO ALTO;PLATINO;3;3;3;2;1
INVERNO 2025;REPOSIÇÃO GA;A.03199.0206.0020;SANDÁLIA SALTO BAIXO;TRUE SAND;2;2;2;1;1
INVERNO 2025;REPOSIÇÃO GA;A.11843.0028.0001;BOTA SALTO BAIXO;PRETO;1;1;1;0;1
INVERNO 2025;REPOSIÇÃO GA;A.12030.0001.0057;FECHADO SALTO RASTEIRO;PRATA VELHO;1;1;1;0;1
INVERNO 2025;REPOSIÇÃO GA;A.12403.0001.0006;FECHADO SALTO RASTEIRO;TRUE SAND;1;1;1;0;1
INVERNO 2025;REPOSIÇÃO GA;A.10055.0683.0013;SANDÁLIA SALTO MÉDIO;TRUE SAND;1;1;1;0;1
INVERNO 2025;REPOSIÇÃO GA;A.03274.0117.0017;SANDÁLIA SALTO RASTEIRO;PLATINO;6;6;6;6;0
INVERNO 2025;REPOSIÇÃO GA;A.12016.0082.0074;SANDÁLIA SALTO RASTEIRO;GRAPE BROWN;4;4;4;4;0
INVERNO 2025;REPOSIÇÃO GA;A.12030.0001.0089;FECHADO SALTO RASTEIRO;FRESH RUBY;4;4;4;4;0
INVERNO 2025;REPOSIÇÃO GA;A.03274.0117.0001;SANDÁLIA SALTO RASTEIRO;PRETO;4;4;4;4;0
INVERNO 2025;REPOSIÇÃO GA;A.03274.0012.0100;SANDÁLIA SALTO RASTEIRO;PRATA VELHO;4;4;4;4;0
INVERNO 2025;REPOSIÇÃO GA;A.12016.0233.0003;SANDÁLIA SALTO RASTEIRO;PRETO;3;3;3;3;0
INVERNO 2025;REPOSIÇÃO GA;A.50011.0876.0001;GRANDE;PRETO;3;3;3;3;0
INVERNO 2025;REPOSIÇÃO GA;A.50011.0876.0004;GRANDE;WARM CARAMEL;3;3;3;3;0
INVERNO 2025;REPOSIÇÃO GA;A.50018.1035.0004;MÉDIA;ROAST CARAMEL/ROAST CARAMEL;3;3;3;3;0
INVERNO 2025;REPOSIÇÃO GA;A.50023.0728.0003;GRANDE;WARM CARAMEL;3;3;3;3;0
INVERNO 2025;REPOSIÇÃO GA;A.50023.0729.0003;PEQUENA;WARM CARAMEL;3;3;3;3;0
INVERNO 2025;REPOSIÇÃO GA;A.13669.0001.0002;FECHADO SALTO RASTEIRO;CREMA WHITE/SILVER;3;3;3;3;0
INVERNO 2025;REPOSIÇÃO GA;A.13476.0001.0015;FECHADO SALTO RASTEIRO;BRANCO;3;3;3;3;0
INVERNO 2025;REPOSIÇÃO GA;A.11824.0003.0002;SANDÁLIA SALTO MÉDIO;WINE BERRY;3;3;3;3;0
INVERNO 2025;REPOSIÇÃO GA;A.12016.0082.0001;SANDÁLIA SALTO RASTEIRO;PANACOTA;3;3;3;3;0
INVERNO 2025;REPOSIÇÃO GA;A.12016.0149.0012;SANDÁLIA SALTO RASTEIRO;WINE BERRY;3;3;3;3;0
INVERNO 2025;REPOSIÇÃO GA;A.03034.6586.0003;BOTA SALTO BAIXO;PRETO;3;3;3;3;0
INVERNO 2025;REPOSIÇÃO GA;A.11699.0002.0035;SANDÁLIA SALTO MÉDIO;WINTER COGNAC;3;3;3;3;0
INVERNO 2025;REPOSIÇÃO GA;A.50011.0631.0029;PEQUENA;PLATINO;3;3;3;3;0
INVERNO 2025;REPOSIÇÃO GA;A.13750.0001.0001;BOTA SALTO MÉDIO;PRETO;3;3;3;3;0
INVERNO 2025;REPOSIÇÃO GA;A.02695.0636.0006;SANDÁLIA SALTO MÉDIO;PRETO;3;3;3;3;0
INVERNO 2025;REPOSIÇÃO GA;A.02695.0636.0010;SANDÁLIA SALTO MÉDIO;TRUE SAND;3;3;3;3;0
INVERNO 2025;REPOSIÇÃO GA;A.10055.0598.0017;SANDÁLIA SALTO MÉDIO;PRETO (PALMILHA CAXAMBU);3;3;3;3;0
INVERNO 2025;REPOSIÇÃO GA;A.13569.0011.0009;SANDÁLIA SALTO RASTEIRO;WARM CARAMEL;2;2;2;2;0
INVERNO 2025;REPOSIÇÃO GA;A.50018.1035.0001;MÉDIA;PRETO/PRETO;2;2;2;2;0
INVERNO 2025;REPOSIÇÃO GA;A.50023.0729.0001;PEQUENA;PRETO;2;2;2;2;0
INVERNO 2025;REPOSIÇÃO GA;A.13569.0011.0008;SANDÁLIA SALTO RASTEIRO;PRETO;2;2;2;2;0
INVERNO 2025;REPOSIÇÃO GA;A.12016.0149.0005;SANDÁLIA SALTO RASTEIRO;PRETO;2;2;2;2;0
INVERNO 2025;REPOSIÇÃO GA;A.13078.0002.0001;SANDÁLIA SALTO MÉDIO;PRETO;2;2;2;2;0
INVERNO 2025;REPOSIÇÃO GA;A.12016.0233.0001;SANDÁLIA SALTO RASTEIRO;WARM CARAMEL;2;2;2;2;0
INVERNO 2025;REPOSIÇÃO GA;A.03199.0206.0013;SANDÁLIA SALTO BAIXO;PRETO;2;2;2;2;0
INVERNO 2025;REPOSIÇÃO GA;A.10055.0683.0003;SANDÁLIA SALTO MÉDIO;PRETO;2;2;2;2;0
INVERNO 2025;REPOSIÇÃO GA;A.12030.0001.0109;FECHADO SALTO RASTEIRO;WARM CARAMEL;2;2;2;2;0
INVERNO 2025;REPOSIÇÃO GA;A.11903.0024.0011;SANDÁLIA SALTO RASTEIRO;PRETO;2;2;2;2;0
INVERNO 2025;REPOSIÇÃO GA;A.50011.0723.0018;PEQUENA;PLATINO;2;2;2;2;0
INVERNO 2025;REPOSIÇÃO GA;A.12016.0238.0002;SANDÁLIA SALTO RASTEIRO;CURCUMA;1;1;1;1;0
INVERNO 2025;REPOSIÇÃO GA;A.13682.0001.0003;FECHADO SALTO RASTEIRO;ROAST CARAMEL;1;1;1;1;0
INVERNO 2025;REPOSIÇÃO GA;A.13658.0007.0002;FECHADO SALTO BAIXO;WINE BERRY;1;1;1;1;0
INVERNO 2025;REPOSIÇÃO GA;A.50018.1032.0002;PEQUENA;WINE BERRY;1;1;1;1;0
INVERNO 2025;REPOSIÇÃO GA;A.13682.0001.0005;FECHADO SALTO RASTEIRO;PRETO;1;1;1;1;0
INVERNO 2025;REPOSIÇÃO GA;A.10176.1121.0001;SANDÁLIA SALTO RASTEIRO;PRETO;1;1;1;1;0
INVERNO 2025;REPOSIÇÃO GA;A.50015.0588.0001;PEQUENA;PRETO;1;1;1;1;0
INVERNO 2025;REPOSIÇÃO GA;A.13469.0015.0005;FECHADO SALTO BAIXO;WARM CARAMEL;1;1;1;1;0
INVERNO 2025;REPOSIÇÃO GA;A.50011.0885.0001;GRANDE;PRETO;1;1;1;1;0
INVERNO 2025;REPOSIÇÃO GA;A.13476.0001.0020;FECHADO SALTO RASTEIRO;PLATINO/CREMA WHITE;1;1;1;1;0
INVERNO 2025;REPOSIÇÃO GA;A.13774.0001.0001;SANDÁLIA SALTO ALTO;PRETO;1;1;1;1;0
INVERNO 2025;REPOSIÇÃO GA;A.13687.0008.0001;FECHADO SALTO RASTEIRO;PRETO;1;1;1;1;0
INVERNO 2025;REPOSIÇÃO GA;A.03199.0246.0004;SANDÁLIA SALTO BAIXO;PLATINO;1;1;1;1;0
INVERNO 2025;REPOSIÇÃO GA;A.03199.0246.0021;SANDÁLIA SALTO BAIXO;PRETO;1;1;1;1;0
INVERNO 2025;REPOSIÇÃO GA;A.13687.0008.0002;FECHADO SALTO RASTEIRO;WARM CARAMEL;1;1;1;1;0
INVERNO 2025;REPOSIÇÃO GA;A.13078.0002.0017;SANDÁLIA SALTO MÉDIO;NEW HAZELNUT;1;1;1;1;0
INVERNO 2025;REPOSIÇÃO GA;A.11698.0034.0031;FECHADO SALTO RASTEIRO;TRUE SAND;1;1;1;1;0
INVERNO 2025;REPOSIÇÃO GA;A.50014.0621.0004;GRANDE;WARM CARAMEL;1;1;1;1;0
INVERNO 2025;REPOSIÇÃO GA;A.13750.0001.0002;BOTA SALTO MÉDIO;BITTER BROWN;1;1;1;1;0
INVERNO 2025;REPOSIÇÃO GA;A.03274.0012.0232;SANDÁLIA SALTO RASTEIRO;WARM CARAMEL;1;1;1;1;0
INVERNO 2025;CICLOS DE REPOSIÇÃO;A.12030.0001.0057;FECHADO SALTO RASTEIRO;PRATA VELHO;1;1;1;0;1
INVERNO 2025;CICLOS DE REPOSIÇÃO;A.03274.0012.0100;SANDÁLIA SALTO RASTEIRO;PRATA VELHO;1;1;1;1;0
INVERNO 2025;CICLOS DE REPOSIÇÃO;A.03274.0117.0017;SANDÁLIA SALTO RASTEIRO;PLATINO;1;1;1;1;0
INVERNO 2025;CICLOS DE REPOSIÇÃO;A.10055.0598.0017;SANDÁLIA SALTO MÉDIO;PRETO (PALMILHA CAXAMBU);1;1;1;1;0
INVERNO 2025;CICLOS DE REPOSIÇÃO;A.12016.0082.0001;SANDÁLIA SALTO RASTEIRO;PANACOTA;1;1;1;1;0
INVERNO 2025;CICLOS DE REPOSIÇÃO;A.12403.0001.0005;FECHADO SALTO RASTEIRO;PRETO;1;1;1;1;0
INVERNO 2026;INVERNO COLEÇÃO 2;A.12417.0001.0026;FECHADO SALTO BAIXO;STRACCI;12;12;12;2;10
INVERNO 2026;INVERNO COLEÇÃO 2;A.04599.0214.0006;FECHADO SALTO RASTEIRO;PRETO;12;12;12;3;9
INVERNO 2026;INVERNO COLEÇÃO 2;A.03199.0246.0025;SANDÁLIA SALTO BAIXO;PANACOTA;12;12;12;3;9
INVERNO 2026;INVERNO COLEÇÃO 2;A.02405.6123.0074;SANDÁLIA SALTO BAIXO;PANACOTA;9;9;9;0;9
INVERNO 2026;INVERNO COLEÇÃO 2;A.10253.0436.0022;FECHADO SALTO MÉDIO;SOUL NATURAL;9;9;9;0;9
INVERNO 2026;INVERNO COLEÇÃO 2;A.11906.0097.0053;FECHADO SALTO RASTEIRO;PRETO;9;9;9;0;9
INVERNO 2026;INVERNO COLEÇÃO 2;A.10253.0436.0002;FECHADO SALTO MÉDIO;PRETO;9;9;9;0;9
INVERNO 2026;INVERNO COLEÇÃO 2;A.11336.0001.0011;SANDÁLIA SALTO MÉDIO;PRETO;9;9;9;0;9
INVERNO 2026;INVERNO COLEÇÃO 2;A.10055.0380.0059;SANDÁLIA SALTO MÉDIO;TRUE SAND;8;8;8;0;8
INVERNO 2026;INVERNO COLEÇÃO 2;A.02405.6123.0075;SANDÁLIA SALTO BAIXO;PLATINO;8;8;8;0;8
INVERNO 2026;INVERNO COLEÇÃO 2;A.14060.0008.0005;FECHADO SALTO RASTEIRO;PRETO;8;8;8;0;8
INVERNO 2026;INVERNO COLEÇÃO 2;A.02695.0636.0006;SANDÁLIA SALTO MÉDIO;PRETO;8;8;8;0;8
INVERNO 2026;INVERNO COLEÇÃO 2;A.14111.0004.0006;SANDÁLIA SALTO MÉDIO;FRESH RUBY;9;9;9;2;7
INVERNO 2026;INVERNO COLEÇÃO 2;A.12754.0001.0003;FECHADO SALTO ALTO;PRETO;9;9;9;2;7
INVERNO 2026;INVERNO COLEÇÃO 2;A.10253.0001.0338;FECHADO SALTO MÉDIO;CIOCCOLATO;9;9;9;2;7
INVERNO 2026;INVERNO COLEÇÃO 2;A.14111.0001.0005;SANDÁLIA SALTO MÉDIO;FRESH RUBY;8;8;8;1;7
INVERNO 2026;INVERNO COLEÇÃO 2;A.14141.0001.0002;SANDÁLIA SALTO MÉDIO;BUTTER YELLOW;9;9;9;3;6
INVERNO 2026;INVERNO COLEÇÃO 2;A.10253.0001.0319;FECHADO SALTO MÉDIO;FRESH RUBY;9;9;9;3;6
INVERNO 2026;INVERNO COLEÇÃO 2;A.14060.0006.0001;FECHADO SALTO RASTEIRO;PRETO;8;8;8;2;6
INVERNO 2026;INVERNO COLEÇÃO 2;A.04599.0214.0032;FECHADO SALTO RASTEIRO;CIOCCOLATO;8;8;8;2;6
INVERNO 2026;INVERNO COLEÇÃO 2;A.11906.0097.0072;FECHADO SALTO RASTEIRO;PASSION RED;8;8;8;2;6
INVERNO 2026;INVERNO COLEÇÃO 2;A.13977.0018.0005;SANDÁLIA SALTO RASTEIRO;FRESH RUBY;8;8;8;2;6
INVERNO 2026;INVERNO COLEÇÃO 2;A.13855.0020.0003;FECHADO SALTO BAIXO;SOUL NATURAL/HOT MAGENTA;8;8;8;2;6
INVERNO 2026;INVERNO COLEÇÃO 2;A.10055.0380.0001;SANDÁLIA SALTO MÉDIO;PRETO;6;6;6;0;6
INVERNO 2026;INVERNO COLEÇÃO 2;A.11336.0001.0015;SANDÁLIA SALTO MÉDIO;TRUE SAND;6;6;6;0;6
INVERNO 2026;INVERNO COLEÇÃO 2;A.01648.6418.0004;SANDÁLIA SALTO RASTEIRO;PRETO;12;12;12;7;5
INVERNO 2026;INVERNO COLEÇÃO 2;A.12417.0001.0027;FECHADO SALTO BAIXO;PRETO;12;12;12;7;5
INVERNO 2026;INVERNO COLEÇÃO 2;A.14111.0004.0001;SANDÁLIA SALTO MÉDIO;PRETO;9;9;9;4;5
INVERNO 2026;INVERNO COLEÇÃO 2;A.10253.0001.0337;FECHADO SALTO MÉDIO;TOPO GREY;9;9;9;4;5
INVERNO 2026;INVERNO COLEÇÃO 2;A.13701.0024.0005;FECHADO SALTO ALTO;PRETO;9;9;9;4;5
INVERNO 2026;INVERNO COLEÇÃO 2;A.13873.0017.0003;FECHADO SALTO RASTEIRO;CIOCCOLATO;9;9;9;4;5
INVERNO 2026;INVERNO COLEÇÃO 2;A.12030.0001.0028;FECHADO SALTO RASTEIRO;TRUE SAND;8;8;8;3;5
INVERNO 2026;INVERNO COLEÇÃO 2;A.13157.0001.0027;SANDÁLIA SALTO RASTEIRO;PRETO;8;8;8;3;5
INVERNO 2026;INVERNO COLEÇÃO 2;A.13855.0020.0001;FECHADO SALTO BAIXO;DARK BORDO/RUST EMBER;8;8;8;3;5
INVERNO 2026;INVERNO COLEÇÃO 2;A.11906.0097.0070;FECHADO SALTO RASTEIRO;TRUE SAND;8;8;8;3;5
INVERNO 2026;INVERNO COLEÇÃO 2;A.12030.0001.0089;FECHADO SALTO RASTEIRO;FRESH RUBY;8;8;8;3;5
INVERNO 2026;INVERNO COLEÇÃO 2;A.13117.0030.0003;FECHADO SALTO RASTEIRO;PRETO;8;8;8;3;5
INVERNO 2026;INVERNO COLEÇÃO 2;A.13734.0004.0006;BOTA SALTO BAIXO;SOUL NATURAL;6;6;6;1;5
INVERNO 2026;INVERNO COLEÇÃO 2;A.13198.0007.0014;SANDÁLIA SALTO RASTEIRO;PASSION RED;16;16;16;12;4
INVERNO 2026;INVERNO COLEÇÃO 2;A.03762.6723.0985;FECHADO SALTO RASTEIRO;TOPO GREY;12;12;12;8;4
INVERNO 2026;INVERNO COLEÇÃO 2;A.13901.0003.0033;SANDÁLIA SALTO BAIXO;PASSION RED;9;9;9;5;4
INVERNO 2026;INVERNO COLEÇÃO 2;A.14121.0002.0001;BOTA SALTO MÉDIO;PRETO;9;9;9;5;4
INVERNO 2026;INVERNO COLEÇÃO 2;A.04485.4222.0003;SANDÁLIA SALTO RASTEIRO;TRUE SAND;9;9;9;5;4
INVERNO 2026;INVERNO COLEÇÃO 2;A.13754.0008.0004;FECHADO SALTO MÉDIO;PRETO;8;8;8;4;4
INVERNO 2026;INVERNO COLEÇÃO 2;A.13941.0011.0002;SANDÁLIA SALTO BAIXO;PRETO;8;8;8;4;4
INVERNO 2026;INVERNO COLEÇÃO 2;A.13239.0028.0001;FECHADO SALTO RASTEIRO;PRETO;8;8;8;4;4
INVERNO 2026;INVERNO COLEÇÃO 2;A.12754.0001.0051;FECHADO SALTO ALTO;CIOCCOLATO;8;8;8;4;4
INVERNO 2026;INVERNO COLEÇÃO 2;A.13029.0161.0001;FECHADO SALTO RASTEIRO;PRETO;8;8;8;4;4
INVERNO 2026;INVERNO COLEÇÃO 2;A.13569.0093.0003;SANDÁLIA SALTO RASTEIRO;PRETO;8;8;8;4;4
INVERNO 2026;INVERNO COLEÇÃO 2;A.13239.0028.0005;FECHADO SALTO RASTEIRO;PLATINO;8;8;8;4;4
INVERNO 2026;INVERNO COLEÇÃO 2;A.14135.0001.0002;SANDÁLIA SALTO MÉDIO;DEEP LAGOON;6;6;6;2;4
INVERNO 2026;INVERNO COLEÇÃO 2;A.13854.0011.0001;FECHADO SALTO ALTO;SOUL NATURAL;6;6;6;2;4
INVERNO 2026;INVERNO COLEÇÃO 2;A.13873.0017.0002;FECHADO SALTO RASTEIRO;STRACCI;6;6;6;2;4
INVERNO 2026;INVERNO COLEÇÃO 2;A.01648.6418.0002;SANDÁLIA SALTO RASTEIRO;TRUE SAND;12;12;12;9;3
INVERNO 2026;INVERNO COLEÇÃO 2;A.10176.1121.0025;SANDÁLIA SALTO RASTEIRO;PRETO;12;12;12;9;3
INVERNO 2026;INVERNO COLEÇÃO 2;A.04485.4222.0004;SANDÁLIA SALTO RASTEIRO;PRETO;9;9;9;6;3
INVERNO 2026;INVERNO COLEÇÃO 2;A.10253.0477.0001;FECHADO SALTO MÉDIO;NATURAL/PRETO;9;9;9;6;3
INVERNO 2026;INVERNO COLEÇÃO 2;A.03274.0012.0174;SANDÁLIA SALTO RASTEIRO;PRETO;9;9;9;6;3
INVERNO 2026;INVERNO COLEÇÃO 2;A.11879.0001.0012;BOTA SALTO MÉDIO;SOUL NATURAL;9;9;9;6;3
INVERNO 2026;INVERNO COLEÇÃO 2;A.13564.0025.0006;SANDÁLIA SALTO ALTO;PRETO;9;9;9;6;3
INVERNO 2026;INVERNO COLEÇÃO 2;A.13901.0003.0034;SANDÁLIA SALTO BAIXO;NEW COCOA;9;9;9;6;3
INVERNO 2026;INVERNO COLEÇÃO 2;A.13901.0040.0002;SANDÁLIA SALTO BAIXO;PANACOTA;9;9;9;6;3
INVERNO 2026;INVERNO COLEÇÃO 2;A.13029.0161.0003;FECHADO SALTO RASTEIRO;SOUL NATURAL;8;8;8;5;3
INVERNO 2026;INVERNO COLEÇÃO 2;A.14111.0001.0001;SANDÁLIA SALTO MÉDIO;PRETO;8;8;8;5;3
INVERNO 2026;INVERNO COLEÇÃO 2;A.13569.0085.0001;SANDÁLIA SALTO RASTEIRO;SOUL NATURAL;8;8;8;5;3
INVERNO 2026;INVERNO COLEÇÃO 2;A.13751.0006.0001;BOTA SALTO BAIXO;PRETO;8;8;8;5;3
INVERNO 2026;INVERNO COLEÇÃO 2;A.13941.0011.0001;SANDÁLIA SALTO BAIXO;CIOCCOLATO;8;8;8;5;3
INVERNO 2026;INVERNO COLEÇÃO 2;A.13977.0018.0004;SANDÁLIA SALTO RASTEIRO;TOPO GREY;8;8;8;5;3
INVERNO 2026;INVERNO COLEÇÃO 2;A.14126.0001.0003;SANDÁLIA SALTO MÉDIO;PASSION RED;8;8;8;5;3
INVERNO 2026;INVERNO COLEÇÃO 2;A.13897.0009.0003;SANDÁLIA SALTO ALTO;PRETO;6;6;6;3;3
INVERNO 2026;INVERNO COLEÇÃO 2;A.12930.0093.0003;FECHADO SALTO MÉDIO;PRETO;6;6;6;3;3
INVERNO 2026;INVERNO COLEÇÃO 2;A.13854.0011.0003;FECHADO SALTO ALTO;TOPO GREY;6;6;6;3;3
INVERNO 2026;INVERNO COLEÇÃO 2;A.13876.0003.0003;FECHADO SALTO RASTEIRO;PRETO;6;6;6;3;3
INVERNO 2026;INVERNO COLEÇÃO 2;A.14039.0004.0002;SANDÁLIA SALTO ALTO;SOUL NATURAL/STRACCI;6;6;6;3;3
INVERNO 2026;INVERNO COLEÇÃO 2;A.14148.0001.0004;SANDÁLIA SALTO MÉDIO;PLATINO;6;6;6;3;3
INVERNO 2026;INVERNO COLEÇÃO 2;A.43000.0559.0010;FINO;DARK BORDO;6;6;6;3;3
INVERNO 2026;INVERNO COLEÇÃO 2;A.13873.0020.0002;FECHADO SALTO RASTEIRO;PRETO;9;9;9;7;2
INVERNO 2026;INVERNO COLEÇÃO 2;A.13855.0019.0005;FECHADO SALTO BAIXO;TRUE SAND;9;9;9;7;2
INVERNO 2026;INVERNO COLEÇÃO 2;A.14141.0001.0003;SANDÁLIA SALTO MÉDIO;PRETO;9;9;9;7;2
INVERNO 2026;INVERNO COLEÇÃO 2;A.02695.0726.0002;SANDÁLIA SALTO MÉDIO;SILVER;9;9;9;7;2
INVERNO 2026;INVERNO COLEÇÃO 2;A.13901.0037.0004;SANDÁLIA SALTO BAIXO;PRETO;9;9;9;7;2
INVERNO 2026;INVERNO COLEÇÃO 2;A.14142.0001.0002;BOTA SALTO MÉDIO;CIOCCOLATO;9;9;9;7;2
INVERNO 2026;INVERNO COLEÇÃO 2;A.02695.0726.0001;SANDÁLIA SALTO MÉDIO;PLATINO;9;9;9;7;2
INVERNO 2026;INVERNO COLEÇÃO 2;A.13901.0040.0001;SANDÁLIA SALTO BAIXO;PLATINO/SILVER;9;9;9;7;2
INVERNO 2026;INVERNO COLEÇÃO 2;A.03274.0012.0244;SANDÁLIA SALTO RASTEIRO;FRESH RUBY;9;9;9;7;2
INVERNO 2026;INVERNO COLEÇÃO 2;A.11904.0084.0034;FECHADO SALTO BAIXO;FRESH RUBY;9;9;9;7;2
INVERNO 2026;INVERNO COLEÇÃO 2;A.13897.0009.0001;SANDÁLIA SALTO ALTO;SOUL NATURAL;9;9;9;7;2
INVERNO 2026;INVERNO COLEÇÃO 2;A.02695.0727.0003;SANDÁLIA SALTO MÉDIO;PRETO;9;9;9;7;2
INVERNO 2026;INVERNO COLEÇÃO 2;A.11904.0084.0032;FECHADO SALTO BAIXO;TOPO GREY;9;9;9;7;2
INVERNO 2026;INVERNO COLEÇÃO 2;A.14121.0002.0002;BOTA SALTO MÉDIO;CIOCCOLATO;9;9;9;7;2
INVERNO 2026;INVERNO COLEÇÃO 2;A.11904.0084.0035;FECHADO SALTO BAIXO;CIOCCOLATO;9;9;9;7;2
INVERNO 2026;INVERNO COLEÇÃO 2;A.13457.0047.0001;FECHADO SALTO RASTEIRO;PRETO;9;9;9;7;2
INVERNO 2026;INVERNO COLEÇÃO 2;A.12030.0001.0126;FECHADO SALTO RASTEIRO;TOPO GREY;8;8;8;6;2
INVERNO 2026;INVERNO COLEÇÃO 2;A.12804.0052.0001;FECHADO SALTO RASTEIRO;CREMA WHITE;8;8;8;6;2
INVERNO 2026;INVERNO COLEÇÃO 2;A.02695.0636.0019;SANDÁLIA SALTO MÉDIO;PASSION RED;8;8;8;6;2
INVERNO 2026;INVERNO COLEÇÃO 2;A.13569.0085.0003;SANDÁLIA SALTO RASTEIRO;PRETO;8;8;8;6;2
INVERNO 2026;INVERNO COLEÇÃO 2;A.14060.0006.0002;FECHADO SALTO RASTEIRO;NATURAL/PRETO;8;8;8;6;2
INVERNO 2026;INVERNO COLEÇÃO 2;A.13239.0028.0004;FECHADO SALTO RASTEIRO;SOUL NATURAL;8;8;8;6;2
INVERNO 2026;INVERNO COLEÇÃO 2;A.13754.0008.0003;FECHADO SALTO MÉDIO;CIOCCOLATO;8;8;8;6;2
INVERNO 2026;INVERNO COLEÇÃO 2;A.14011.0002.0002;FECHADO SALTO RASTEIRO;NEW COCOA;8;8;8;6;2
INVERNO 2026;INVERNO COLEÇÃO 2;A.13427.0046.0001;SANDÁLIA SALTO MÉDIO;TOPO GREY;8;8;8;6;2
INVERNO 2026;INVERNO COLEÇÃO 2;A.13427.0046.0002;SANDÁLIA SALTO MÉDIO;SOUL NATURAL;8;8;8;6;2
INVERNO 2026;INVERNO COLEÇÃO 2;A.13555.0127.0003;SANDÁLIA SALTO RASTEIRO;PRETO;8;8;8;6;2
INVERNO 2026;INVERNO COLEÇÃO 2;A.13564.0025.0007;SANDÁLIA SALTO ALTO;DARK BORDO;8;8;8;6;2
INVERNO 2026;INVERNO COLEÇÃO 2;A.03762.6723.0986;FECHADO SALTO RASTEIRO;PASSION RED;8;8;8;6;2
INVERNO 2026;INVERNO COLEÇÃO 2;A.13569.0093.0001;SANDÁLIA SALTO RASTEIRO;SOUL NATURAL;8;8;8;6;2
INVERNO 2026;INVERNO COLEÇÃO 2;A.03199.0246.0038;SANDÁLIA SALTO BAIXO;SOUL NATURAL;8;8;8;6;2
INVERNO 2026;INVERNO COLEÇÃO 2;A.14011.0002.0004;FECHADO SALTO RASTEIRO;PRETO;8;8;8;6;2
INVERNO 2026;INVERNO COLEÇÃO 2;A.43000.0555.0009;FINO;SOUL NATURAL;8;8;8;6;2
INVERNO 2026;INVERNO COLEÇÃO 2;A.12930.0093.0002;FECHADO SALTO MÉDIO;STRACCI;6;6;6;4;2
INVERNO 2026;INVERNO COLEÇÃO 2;A.14039.0004.0001;SANDÁLIA SALTO ALTO;PRETO/NEW COCOA;6;6;6;4;2
INVERNO 2026;INVERNO COLEÇÃO 2;A.04599.0214.0028;FECHADO SALTO RASTEIRO;TRUE SAND;6;6;6;4;2
INVERNO 2026;INVERNO COLEÇÃO 2;A.14123.0002.0003;BOTA SALTO BAIXO;PRETO;6;6;6;4;2
INVERNO 2026;INVERNO COLEÇÃO 2;A.13876.0003.0001;FECHADO SALTO RASTEIRO;SOUL NATURAL;6;6;6;4;2
INVERNO 2026;INVERNO COLEÇÃO 2;A.43000.0559.0002;FINO;PRETO;6;6;6;4;2
INVERNO 2026;INVERNO COLEÇÃO 2;A.43000.0559.0009;FINO;SOUL NATURAL;6;6;6;4;2
INVERNO 2026;INVERNO COLEÇÃO 2;A.12663.0192.0002;SANDÁLIA SALTO ALTO;DEEP LAGOON;4;4;4;2;2
INVERNO 2026;INVERNO COLEÇÃO 2;A.50029.0264.0001;PEQUENA;PRETO;2;2;2;0;2
INVERNO 2026;INVERNO COLEÇÃO 2;A.40011.1083.0001;NEUTRAL GRANDE;TERROSO/WARM CARAMEL;2;2;2;0;2
INVERNO 2026;INVERNO COLEÇÃO 2;A.40011.1083.0002;NEUTRAL GRANDE;NATURAL/TAUPE BEIGE;2;2;2;0;2
INVERNO 2026;INVERNO COLEÇÃO 2;A.58100.0498.0058;MÉDIA;TRUE SAND/TRUE SAND;2;2;2;0;2
INVERNO 2026;INVERNO COLEÇÃO 2;A.58100.0586.0018;GRANDE;TOPO GREY/TOPO GREY/TOPO GREY;2;2;2;0;2
INVERNO 2026;INVERNO COLEÇÃO 2;A.50014.0299.0128;GRANDE;SOUL NATURAL/SOUL NATURAL;2;2;2;0;2
INVERNO 2026;INVERNO COLEÇÃO 2;A.50011.2038.0001;GRANDE;PRETO/PRETO;2;2;2;0;2
INVERNO 2026;INVERNO COLEÇÃO 2;A.58100.0499.0057;PEQUENA;TRUE SAND/TRUE SAND;2;2;2;0;2
INVERNO 2026;INVERNO COLEÇÃO 2;A.58100.0569.0024;PEQUENA;PLATINO;2;2;2;0;2
INVERNO 2026;INVERNO COLEÇÃO 2;A.58100.0588.0001;PEQUENA;PRETO;2;2;2;0;2
INVERNO 2026;INVERNO COLEÇÃO 2;A.58100.0498.0050;MÉDIA;SOUL NATURAL;2;2;2;0;2
INVERNO 2026;INVERNO COLEÇÃO 2;A.12754.0176.0002;FECHADO SALTO ALTO;SOUL NATURAL;9;9;9;8;1
INVERNO 2026;INVERNO COLEÇÃO 2;A.10055.1303.0002;SANDÁLIA SALTO MÉDIO;PLATINO;9;9;9;8;1
INVERNO 2026;INVERNO COLEÇÃO 2;A.13029.0164.0001;FECHADO SALTO RASTEIRO;PRETO;9;9;9;8;1
INVERNO 2026;INVERNO COLEÇÃO 2;A.13029.0164.0003;FECHADO SALTO RASTEIRO;PASSION RED;9;9;9;8;1
INVERNO 2026;INVERNO COLEÇÃO 2;A.14142.0001.0001;BOTA SALTO MÉDIO;PRETO;9;9;9;8;1
INVERNO 2026;INVERNO COLEÇÃO 2;A.13832.0007.0001;SANDÁLIA SALTO BAIXO;SOUL NATURAL;9;9;9;8;1
INVERNO 2026;INVERNO COLEÇÃO 2;A.13832.0007.0007;SANDÁLIA SALTO BAIXO;TOPO GREY;9;9;9;8;1
INVERNO 2026;INVERNO COLEÇÃO 2;A.13555.0125.0004;SANDÁLIA SALTO RASTEIRO;NATURAL;9;9;9;8;1
INVERNO 2026;INVERNO COLEÇÃO 2;A.13555.0125.0006;SANDÁLIA SALTO RASTEIRO;SOUL NATURAL;9;9;9;8;1
INVERNO 2026;INVERNO COLEÇÃO 2;A.13642.0095.0001;SANDÁLIA SALTO RASTEIRO;PLATINO/SILVER;9;9;9;8;1
INVERNO 2026;INVERNO COLEÇÃO 2;A.13761.0003.0003;BOTA SALTO BAIXO;PRETO;9;9;9;8;1
INVERNO 2026;INVERNO COLEÇÃO 2;A.12816.0007.0001;BOTA SALTO BAIXO;PRETO;8;8;8;7;1
INVERNO 2026;INVERNO COLEÇÃO 2;A.13239.0028.0008;FECHADO SALTO RASTEIRO;PASSION RED;8;8;8;7;1
INVERNO 2026;INVERNO COLEÇÃO 2;A.14126.0001.0004;SANDÁLIA SALTO MÉDIO;PANACOTA;8;8;8;7;1
INVERNO 2026;INVERNO COLEÇÃO 2;A.14135.0001.0004;SANDÁLIA SALTO MÉDIO;PLATINO;8;8;8;7;1
INVERNO 2026;INVERNO COLEÇÃO 2;A.03274.0012.0233;SANDÁLIA SALTO RASTEIRO;SOUL NATURAL;8;8;8;7;1
INVERNO 2026;INVERNO COLEÇÃO 2;A.13720.0005.0004;BOTA SALTO ALTO;PRETO;8;8;8;7;1
INVERNO 2026;INVERNO COLEÇÃO 2;A.13555.0126.0002;SANDÁLIA SALTO RASTEIRO;SOUL NATURAL;8;8;8;7;1
INVERNO 2026;INVERNO COLEÇÃO 2;A.14024.0005.0001;SANDÁLIA SALTO BAIXO;PRETO;6;6;6;5;1
INVERNO 2026;INVERNO COLEÇÃO 2;A.13791.0016.0001;SANDÁLIA SALTO ALTO;CIOCCOLATO;6;6;6;5;1
INVERNO 2026;INVERNO COLEÇÃO 2;A.13855.0019.0001;FECHADO SALTO BAIXO;SOUL NATURAL;6;6;6;5;1
INVERNO 2026;INVERNO COLEÇÃO 2;A.14122.0002.0001;BOTA SALTO MÉDIO;CIOCCOLATO;6;6;6;5;1
INVERNO 2026;INVERNO COLEÇÃO 2;A.43000.0674.0007;FINO;NEW COCOA;6;6;6;5;1
INVERNO 2026;INVERNO COLEÇÃO 2;A.13871.0007.0003;SANDÁLIA SALTO BAIXO;PASSION RED;6;6;6;5;1
INVERNO 2026;INVERNO COLEÇÃO 2;A.40011.0088.0047;NEUTRAL MÉDIA;PASSION RED;3;3;3;2;1
INVERNO 2026;INVERNO COLEÇÃO 2;A.43000.0677.0004;LARGO;TOPO GREY;3;3;3;2;1
INVERNO 2026;INVERNO COLEÇÃO 2;A.50021.0639.0001;PEQUENA;PRETO;3;3;3;2;1
INVERNO 2026;INVERNO COLEÇÃO 2;A.50029.0307.0001;MÉDIA;PRETO;2;2;2;1;1
INVERNO 2026;INVERNO COLEÇÃO 2;A.50045.0011.0002;MÉDIA;WARM CARAMEL;2;2;2;1;1
INVERNO 2026;INVERNO COLEÇÃO 2;A.40011.0088.0049;NEUTRAL MÉDIA;NEW COCOA;2;2;2;1;1
INVERNO 2026;INVERNO COLEÇÃO 2;A.50014.0300.0131;MÉDIA;SOUL NATURAL/SOUL NATURAL;2;2;2;1;1
INVERNO 2026;INVERNO COLEÇÃO 2;A.50021.0995.0006;MÉDIA;PRETO/PRETO;2;2;2;1;1
INVERNO 2026;INVERNO COLEÇÃO 2;A.58100.0569.0023;PEQUENA;SILVER;2;2;2;1;1
INVERNO 2026;INVERNO COLEÇÃO 2;A.58100.0588.0019;PEQUENA;TOPO GREY/TOPO GREY/TOPO GREY;2;2;2;1;1
INVERNO 2026;INVERNO COLEÇÃO 2;A.50021.1074.0005;PEQUENA;CIOCCOLATO;2;2;2;1;1
INVERNO 2026;INVERNO COLEÇÃO 2;A.50011.0630.0029;GRANDE;PRETO;2;2;2;1;1
INVERNO 2026;INVERNO COLEÇÃO 2;A.50011.2039.0001;PEQUENA;PRETO/PRETO;2;2;2;1;1
INVERNO 2026;INVERNO COLEÇÃO 2;A.50023.0980.0004;GRANDE;MERLOT/MERLOT;2;2;2;1;1
INVERNO 2026;INVERNO COLEÇÃO 2;A.58100.0569.0022;PEQUENA;PRETO;2;2;2;1;1
INVERNO 2026;INVERNO COLEÇÃO 2;A.58100.0498.0006;MÉDIA;PRETO;2;2;2;1;1
INVERNO 2026;INVERNO COLEÇÃO 2;A.50014.0746.0002;MÉDIA;NEW COCOA/NEW COCOA;1;1;1;0;1
INVERNO 2026;INVERNO COLEÇÃO 2;A.50021.1066.0001;PEQUENA;PRETO;1;1;1;0;1
INVERNO 2026;INVERNO COLEÇÃO 2;A.50024.0410.0018;GRANDE;TRUE SAND;1;1;1;0;1
INVERNO 2026;INVERNO COLEÇÃO 2;A.50021.0929.0013;MÉDIA;FRESH RUBY;1;1;1;0;1
INVERNO 2026;INVERNO COLEÇÃO 2;A.50023.0533.0138;PEQUENA;DARK BORDO;1;1;1;0;1
INVERNO 2026;INVERNO COLEÇÃO 2;A.50015.2047.0002;MÉDIA;PANACOTA;1;1;1;0;1
INVERNO 2026;INVERNO COLEÇÃO 2;A.50018.1237.0006;MÉDIA;PRETO;1;1;1;0;1
INVERNO 2026;INVERNO COLEÇÃO 2;A.50018.1237.0011;MÉDIA;TRUE SAND;1;1;1;0;1
INVERNO 2026;INVERNO COLEÇÃO 2;A.50023.0044.0121;PEQUENA;PANACOTA;1;1;1;0;1
INVERNO 2026;INVERNO COLEÇÃO 2;A.50015.2046.0002;GRANDE;PANACOTA;1;1;1;0;1
INVERNO 2026;INVERNO COLEÇÃO 2;A.50018.0923.0012;MÉDIA;PRETO;1;1;1;0;1
INVERNO 2026;INVERNO COLEÇÃO 2;A.50023.0044.0157;PEQUENA;SOUL NATURAL;1;1;1;0;1
INVERNO 2026;INVERNO COLEÇÃO 2;A.50023.0533.0063;PEQUENA;TRUE SAND;1;1;1;0;1
INVERNO 2026;INVERNO COLEÇÃO 2;A.50024.0410.0019;GRANDE;CIOCCOLATO;1;1;1;0;1
INVERNO 2026;INVERNO COLEÇÃO 2;A.50014.0748.0001;PEQUENA;PRETO;1;1;1;0;1
INVERNO 2026;INVERNO COLEÇÃO 2;A.50015.2047.0001;MÉDIA;PRETO;1;1;1;0;1
INVERNO 2026;INVERNO COLEÇÃO 2;A.50018.1298.0001;MÉDIA;PANACOTA;1;1;1;0;1
INVERNO 2026;INVERNO COLEÇÃO 2;A.50023.0016.0171;MÉDIA;SOUL NATURAL;1;1;1;0;1
INVERNO 2026;INVERNO COLEÇÃO 2;A.03274.0151.0006;SANDÁLIA SALTO RASTEIRO;PLATINO;16;16;16;16;0
INVERNO 2026;INVERNO COLEÇÃO 2;A.10176.1121.0007;SANDÁLIA SALTO RASTEIRO;PLATINO/WARM CARAMEL;12;12;12;12;0
INVERNO 2026;INVERNO COLEÇÃO 2;A.02695.0727.0002;SANDÁLIA SALTO MÉDIO;NEW COCOA;12;12;12;12;0
INVERNO 2026;INVERNO COLEÇÃO 2;A.13873.0020.0001;FECHADO SALTO RASTEIRO;SOUL NATURAL;12;12;12;12;0
INVERNO 2026;INVERNO COLEÇÃO 2;A.14146.0001.0003;FECHADO SALTO MÉDIO;FRESH RUBY;9;9;9;9;0
INVERNO 2026;INVERNO COLEÇÃO 2;A.13029.0164.0002;FECHADO SALTO RASTEIRO;NEW COCOA;9;9;9;9;0
INVERNO 2026;INVERNO COLEÇÃO 2;A.13642.0095.0003;SANDÁLIA SALTO RASTEIRO;SOUL NATURAL;9;9;9;9;0
INVERNO 2026;INVERNO COLEÇÃO 2;A.13457.0047.0002;FECHADO SALTO RASTEIRO;SOUL NATURAL;9;9;9;9;0
INVERNO 2026;INVERNO COLEÇÃO 2;A.13701.0024.0001;FECHADO SALTO ALTO;NEW COCOA;9;9;9;9;0
INVERNO 2026;INVERNO COLEÇÃO 2;A.13754.0003.0010;BOTA SALTO MÉDIO;SOUL NATURAL;9;9;9;9;0
INVERNO 2026;INVERNO COLEÇÃO 2;A.11964.0007.0006;BOTA SALTO ALTO;NEW COCOA;9;9;9;9;0
INVERNO 2026;INVERNO COLEÇÃO 2;A.13808.0003.0008;FECHADO SALTO BAIXO;PRETO;9;9;9;9;0
INVERNO 2026;INVERNO COLEÇÃO 2;A.13808.0004.0001;FECHADO SALTO BAIXO;PASSION RED;9;9;9;9;0
INVERNO 2026;INVERNO COLEÇÃO 2;A.13808.0004.0004;FECHADO SALTO BAIXO;NEW COCOA;9;9;9;9;0
INVERNO 2026;INVERNO COLEÇÃO 2;A.13808.0004.0005;FECHADO SALTO BAIXO;PRETO;9;9;9;9;0
INVERNO 2026;INVERNO COLEÇÃO 2;A.11906.0097.0075;FECHADO SALTO RASTEIRO;TOPO GREY;8;8;8;8;0
INVERNO 2026;INVERNO COLEÇÃO 2;A.13157.0001.0046;SANDÁLIA SALTO RASTEIRO;CIOCCOLATO;8;8;8;8;0
INVERNO 2026;INVERNO COLEÇÃO 2;A.14153.0001.0002;BOTA SALTO MÉDIO;NEW COCOA;8;8;8;8;0
INVERNO 2026;INVERNO COLEÇÃO 2;A.13761.0003.0004;BOTA SALTO BAIXO;SOUL NATURAL;8;8;8;8;0
INVERNO 2026;INVERNO COLEÇÃO 2;A.13757.0007.0005;FECHADO SALTO MÉDIO;TRUE SAND;8;8;8;8;0
INVERNO 2026;INVERNO COLEÇÃO 2;A.10055.1303.0001;SANDÁLIA SALTO MÉDIO;FRESH RUBY;8;8;8;8;0
INVERNO 2026;INVERNO COLEÇÃO 2;A.13555.0126.0004;SANDÁLIA SALTO RASTEIRO;PRETO;8;8;8;8;0
INVERNO 2026;INVERNO COLEÇÃO 2;A.13157.0001.0044;SANDÁLIA SALTO RASTEIRO;TOPO GREY;8;8;8;8;0
INVERNO 2026;INVERNO COLEÇÃO 2;A.13555.0127.0001;SANDÁLIA SALTO RASTEIRO;SOUL NATURAL;8;8;8;8;0
INVERNO 2026;INVERNO COLEÇÃO 2;A.13761.0006.0003;BOTA SALTO BAIXO;CIOCCOLATO;8;8;8;8;0
INVERNO 2026;INVERNO COLEÇÃO 2;A.14153.0001.0001;BOTA SALTO MÉDIO;PRETO;8;8;8;8;0
INVERNO 2026;INVERNO COLEÇÃO 2;A.13808.0005.0001;FECHADO SALTO BAIXO;NATURAL;8;8;8;8;0
INVERNO 2026;INVERNO COLEÇÃO 2;A.14000.0009.0001;SANDÁLIA SALTO ALTO;PRETO;7;7;7;7;0
INVERNO 2026;INVERNO COLEÇÃO 2;A.12663.0192.0003;SANDÁLIA SALTO ALTO;SOUL NATURAL;7;7;7;7;0
INVERNO 2026;INVERNO COLEÇÃO 2;A.11173.0059.0004;BOTA SALTO BAIXO;PRETO;6;6;6;6;0
INVERNO 2026;INVERNO COLEÇÃO 2;A.14144.0001.0001;FECHADO SALTO MÉDIO;SOUL NATURAL;6;6;6;6;0
INVERNO 2026;INVERNO COLEÇÃO 2;A.10635.0010.0024;SANDÁLIA SALTO MÉDIO;SOUL NATURAL;6;6;6;6;0
INVERNO 2026;INVERNO COLEÇÃO 2;A.11173.0059.0002;BOTA SALTO BAIXO;SOUL NATURAL;6;6;6;6;0
INVERNO 2026;INVERNO COLEÇÃO 2;A.12757.0115.0001;BOTA SALTO BAIXO;PRETO;6;6;6;6;0
INVERNO 2026;INVERNO COLEÇÃO 2;A.13855.0019.0002;FECHADO SALTO BAIXO;DARK BORDO;6;6;6;6;0
INVERNO 2026;INVERNO COLEÇÃO 2;A.13456.0017.0004;BOTA SALTO BAIXO;PRETO;6;6;6;6;0
INVERNO 2026;INVERNO COLEÇÃO 2;A.14121.0003.0001;FECHADO SALTO MÉDIO;PRETO;6;6;6;6;0
INVERNO 2026;INVERNO COLEÇÃO 2;A.14121.0003.0002;FECHADO SALTO MÉDIO;CIOCCOLATO;6;6;6;6;0
INVERNO 2026;INVERNO COLEÇÃO 2;A.14144.0001.0002;FECHADO SALTO MÉDIO;PRETO;6;6;6;6;0
INVERNO 2026;INVERNO COLEÇÃO 2;A.10055.1303.0005;SANDÁLIA SALTO MÉDIO;TRUE SAND;9;9;6;6;0
INVERNO 2026;INVERNO COLEÇÃO 2;A.13754.0003.0001;BOTA SALTO MÉDIO;PRETO;6;6;6;6;0
INVERNO 2026;INVERNO COLEÇÃO 2;A.11037.0254.0002;SANDÁLIA SALTO ALTO;NEW COCOA;7;7;3;3;0
INVERNO 2026;INVERNO COLEÇÃO 2;A.50021.0639.0099;PEQUENA;PASSION RED;3;3;3;3;0
INVERNO 2026;INVERNO COLEÇÃO 2;A.50011.0723.0050;PEQUENA;CIOCCOLATO;3;3;3;3;0
INVERNO 2026;INVERNO COLEÇÃO 2;A.50011.0723.0009;PEQUENA;FRESH RUBY;3;3;3;3;0
INVERNO 2026;INVERNO COLEÇÃO 2;A.50029.0307.0002;MÉDIA;CACAU BROWN;2;2;2;2;0
INVERNO 2026;INVERNO COLEÇÃO 2;A.57100.2615.0003;GRANDE;PANACOTA;2;2;2;2;0
INVERNO 2026;INVERNO COLEÇÃO 2;A.57100.2618.0003;GRANDE;WARM CARAMEL;2;2;2;2;0
INVERNO 2026;INVERNO COLEÇÃO 2;A.50029.0217.0001;MÉDIA;PRETO;2;2;2;2;0
INVERNO 2026;INVERNO COLEÇÃO 2;A.50029.0305.0002;PEQUENA;PANACOTA;2;2;2;2;0
INVERNO 2026;INVERNO COLEÇÃO 2;A.50029.0217.0004;MÉDIA;CREAM BEIGE;2;2;2;2;0
INVERNO 2026;INVERNO COLEÇÃO 2;A.50045.0012.0002;PEQUENA;WARM CARAMEL;2;2;2;2;0
INVERNO 2026;INVERNO COLEÇÃO 2;A.50045.0014.0003;PEQUENA;WARM CARAMEL;2;2;2;2;0
INVERNO 2026;INVERNO COLEÇÃO 2;A.50029.0342.0002;GRANDE;WARM CARAMEL;2;2;2;2;0
INVERNO 2026;INVERNO COLEÇÃO 2;A.57100.2618.0002;GRANDE;TOPO GREY;2;2;2;2;0
INVERNO 2026;INVERNO COLEÇÃO 2;A.50029.0258.0001;PEQUENA;PRETO;2;2;2;2;0
INVERNO 2026;INVERNO COLEÇÃO 2;A.50029.0258.0002;PEQUENA;ROAST CARAMEL;2;2;2;2;0
INVERNO 2026;INVERNO COLEÇÃO 2;A.50029.0342.0003;GRANDE;CACAU BROWN;2;2;2;2;0
INVERNO 2026;INVERNO COLEÇÃO 2;A.50045.0010.0002;MÉDIA;WARM CARAMEL;2;2;2;2;0
INVERNO 2026;INVERNO COLEÇÃO 2;A.50045.0013.0003;MÉDIA;WARM CARAMEL;2;2;2;2;0
INVERNO 2026;INVERNO COLEÇÃO 2;A.57100.2615.0001;GRANDE;PRETO;2;2;2;2;0
INVERNO 2026;INVERNO COLEÇÃO 2;A.57100.2618.0001;GRANDE;CACAU BROWN;2;2;2;2;0
INVERNO 2026;INVERNO COLEÇÃO 2;A.50029.0305.0001;PEQUENA;PRETO;2;2;2;2;0
INVERNO 2026;INVERNO COLEÇÃO 2;A.50045.0011.0001;MÉDIA;PRETO;2;2;2;2;0
INVERNO 2026;INVERNO COLEÇÃO 2;A.50045.0014.0001;PEQUENA;PRETO;2;2;2;2;0
INVERNO 2026;INVERNO COLEÇÃO 2;A.50045.0014.0002;PEQUENA;PANACOTA;2;2;2;2;0
INVERNO 2026;INVERNO COLEÇÃO 2;A.50029.0264.0002;PEQUENA;ROAST CARAMEL;2;2;2;2;0
INVERNO 2026;INVERNO COLEÇÃO 2;A.50045.0011.0003;MÉDIA;CACAU BROWN;2;2;2;2;0
INVERNO 2026;INVERNO COLEÇÃO 2;A.50045.0012.0001;PEQUENA;PRETO;2;2;2;2;0
INVERNO 2026;INVERNO COLEÇÃO 2;A.50045.0012.0003;PEQUENA;CACAU BROWN;2;2;2;2;0
INVERNO 2026;INVERNO COLEÇÃO 2;A.57100.2615.0002;GRANDE;WARM CARAMEL;2;2;2;2;0
INVERNO 2026;INVERNO COLEÇÃO 2;A.50029.0342.0001;GRANDE;PRETO;2;2;2;2;0
INVERNO 2026;INVERNO COLEÇÃO 2;A.50045.0010.0001;MÉDIA;PRETO;2;2;2;2;0
INVERNO 2026;INVERNO COLEÇÃO 2;A.50045.0013.0001;MÉDIA;PRETO;2;2;2;2;0
INVERNO 2026;INVERNO COLEÇÃO 2;A.40011.0087.0037;NEUTRAL GRANDE;NEW COCOA;2;2;2;2;0
INVERNO 2026;INVERNO COLEÇÃO 2;A.40011.0087.0035;NEUTRAL GRANDE;PASSION RED;2;2;2;2;0
INVERNO 2026;INVERNO COLEÇÃO 2;A.50014.0737.0003;GRANDE;PASSION RED;2;2;2;2;0
INVERNO 2026;INVERNO COLEÇÃO 2;A.50021.1068.0001;MÉDIA;PRETO;2;2;2;2;0
INVERNO 2026;INVERNO COLEÇÃO 2;A.50021.1070.0001;GRANDE;SOUL NATURAL;2;2;2;2;0
INVERNO 2026;INVERNO COLEÇÃO 2;A.50021.1071.0002;MÉDIA;FRESH RUBY;2;2;2;2;0
INVERNO 2026;INVERNO COLEÇÃO 2;A.50021.1073.0003;GRANDE;FRESH RUBY;2;2;2;2;0
INVERNO 2026;INVERNO COLEÇÃO 2;A.50021.1073.0004;GRANDE;PRETO;2;2;2;2;0
INVERNO 2026;INVERNO COLEÇÃO 2;A.50014.0738.0003;PEQUENA;PASSION RED;2;2;2;2;0
INVERNO 2026;INVERNO COLEÇÃO 2;A.50018.1304.0003;PEQUENA;NEW COCOA;2;2;2;2;0
INVERNO 2026;INVERNO COLEÇÃO 2;A.50021.1071.0001;MÉDIA;SOUL NATURAL;2;2;2;2;0
INVERNO 2026;INVERNO COLEÇÃO 2;A.50021.1072.0001;MÉDIA;SOUL NATURAL;2;2;2;2;0
INVERNO 2026;INVERNO COLEÇÃO 2;A.50011.0631.0054;PEQUENA;NEW COCOA;2;2;2;2;0
INVERNO 2026;INVERNO COLEÇÃO 2;A.50021.1069.0005;MÉDIA;CIOCCOLATO;2;2;2;2;0
INVERNO 2026;INVERNO COLEÇÃO 2;A.50023.0974.0002;GRANDE;CIOCCOLATO;2;2;2;2;0
INVERNO 2026;INVERNO COLEÇÃO 2;A.50023.0980.0003;GRANDE;ROAST CARAMEL/ROAST CARAMEL;2;2;2;2;0
INVERNO 2026;INVERNO COLEÇÃO 2;A.50014.0747.0001;GRANDE;PRETO;2;2;2;2;0
INVERNO 2026;INVERNO COLEÇÃO 2;A.50021.1022.0014;PEQUENA;PRETO/PRETO;2;2;2;2;0
INVERNO 2026;INVERNO COLEÇÃO 2;A.50021.1070.0002;GRANDE;FRESH RUBY;2;2;2;2;0
INVERNO 2026;INVERNO COLEÇÃO 2;A.50021.1075.0003;GRANDE;PRETO/PRETO;2;2;2;2;0
INVERNO 2026;INVERNO COLEÇÃO 2;A.50023.0980.0002;GRANDE;PRETO/PRETO;2;2;2;2;0
INVERNO 2026;INVERNO COLEÇÃO 2;A.50021.1075.0002;GRANDE;SOUL NATURAL/SOUL NATURAL;2;2;2;2;0
INVERNO 2026;INVERNO COLEÇÃO 2;A.50021.1068.0005;MÉDIA;CIOCCOLATO;2;2;2;2;0
INVERNO 2026;INVERNO COLEÇÃO 2;A.50021.1072.0002;MÉDIA;FRESH RUBY;2;2;2;2;0
INVERNO 2026;INVERNO COLEÇÃO 2;A.50021.1074.0003;PEQUENA;FRESH RUBY;2;2;2;2;0
INVERNO 2026;INVERNO COLEÇÃO 2;A.50044.0001.0018;PEQUENA;CIOCCOLATO/CIOCCOLATO;2;2;2;2;0
INVERNO 2026;INVERNO COLEÇÃO 2;A.58100.0586.0001;GRANDE;PRETO;2;2;2;2;0
INVERNO 2026;INVERNO COLEÇÃO 2;A.50011.0630.0077;GRANDE;NEW COCOA;2;2;2;2;0
INVERNO 2026;INVERNO COLEÇÃO 2;A.50021.1076.0003;PEQUENA;PRETO/PRETO;2;2;2;2;0
INVERNO 2026;INVERNO COLEÇÃO 2;A.50023.0975.0003;MÉDIA;PRETO;2;2;2;2;0
INVERNO 2026;INVERNO COLEÇÃO 2;A.50021.1067.0001;GRANDE;PRETO;2;2;2;2;0
INVERNO 2026;INVERNO COLEÇÃO 2;A.50023.0975.0002;MÉDIA;CIOCCOLATO;2;2;2;2;0
INVERNO 2026;INVERNO COLEÇÃO 2;A.50023.0986.0003;PEQUENA;TOPO GREY/TOPO GREY;2;2;2;2;0
INVERNO 2026;INVERNO COLEÇÃO 2;A.50021.1090.0002;MÉDIA;DEEP LAGOON;1;1;1;1;0
INVERNO 2026;INVERNO COLEÇÃO 2;A.50021.1089.0003;MÉDIA;SOUL NATURAL;2;2;1;1;0
INVERNO 2026;INVERNO COLEÇÃO 2;A.50018.1306.0001;PEQUENA;STRACCI/PRETO;1;1;1;1;0
INVERNO 2026;INVERNO COLEÇÃO 2;A.50021.1089.0001;MÉDIA;PRETO;1;1;1;1;0
INVERNO 2026;INVERNO COLEÇÃO 2;A.50011.0631.0053;PEQUENA;TOPO GREY;1;1;1;1;0
INVERNO 2026;INVERNO COLEÇÃO 2;A.50014.0738.0005;PEQUENA;NEW COCOA;1;1;1;1;0
INVERNO 2026;INVERNO COLEÇÃO 2;A.50014.0743.0001;PEQUENA;PRETO;1;1;1;1;0
INVERNO 2026;INVERNO COLEÇÃO 2;A.50018.1101.0021;PEQUENA;PLATINO;1;1;1;1;0
INVERNO 2026;INVERNO COLEÇÃO 2;A.50018.1299.0002;PEQUENA;PRETO;1;1;1;1;0
INVERNO 2026;INVERNO COLEÇÃO 2;A.50021.0643.0073;MÉDIA;PRETO;1;1;1;1;0
INVERNO 2026;INVERNO COLEÇÃO 2;A.50021.0643.0076;MÉDIA;PRETO;1;1;1;1;0
INVERNO 2026;INVERNO COLEÇÃO 2;A.50021.0644.0077;PEQUENA;PRETO;1;1;1;1;0
INVERNO 2026;INVERNO COLEÇÃO 2;A.50011.0630.0048;GRANDE;TOPO GREY;1;1;1;1;0
INVERNO 2026;INVERNO COLEÇÃO 2;A.50014.0300.0137;MÉDIA;PRETO/PRETO;1;1;1;1;0
INVERNO 2026;INVERNO COLEÇÃO 2;A.50014.0743.0006;PEQUENA;CIOCCOLATO;1;1;1;1;0
INVERNO 2026;INVERNO COLEÇÃO 2;A.50015.2045.0003;PEQUENA;SOUL NATURAL;1;1;1;1;0
INVERNO 2026;INVERNO COLEÇÃO 2;A.50023.0984.0001;PEQUENA;PRETO;1;1;1;1;0
INVERNO 2026;INVERNO COLEÇÃO 2;A.50014.0745.0002;GRANDE;NEW COCOA/NEW COCOA;1;1;1;1;0
INVERNO 2026;INVERNO COLEÇÃO 2;A.50018.1237.0007;MÉDIA;NEW COCOA;1;1;1;1;0
INVERNO 2026;INVERNO COLEÇÃO 2;A.50021.0929.0015;MÉDIA;NEW COCOA;1;1;1;1;0
INVERNO 2026;INVERNO COLEÇÃO 2;A.50023.0016.0134;MÉDIA;PANACOTA;1;1;1;1;0
INVERNO 2026;INVERNO COLEÇÃO 2;A.50011.0631.0025;PEQUENA;PRETO;1;1;1;1;0
INVERNO 2026;INVERNO COLEÇÃO 2;A.50011.2028.0003;PEQUENA;SOUL NATURAL;1;1;1;1;0
INVERNO 2026;INVERNO COLEÇÃO 2;A.50018.1101.0019;PEQUENA;PRETO;1;1;1;1;0
INVERNO 2026;INVERNO COLEÇÃO 2;A.50018.1238.0011;PEQUENA;TRUE SAND;1;1;1;1;0
INVERNO 2026;INVERNO COLEÇÃO 2;A.50018.1299.0001;PEQUENA;PANACOTA;1;1;1;1;0
INVERNO 2026;INVERNO COLEÇÃO 2;A.50044.0009.0001;PEQUENA;PRETO;1;1;1;1;0
INVERNO 2026;INVERNO COLEÇÃO 2;A.50014.0745.0001;GRANDE;PRETO/PRETO;1;1;1;1;0
INVERNO 2026;INVERNO COLEÇÃO 2;A.50015.2045.0001;PEQUENA;PRETO;1;1;1;1;0
INVERNO 2026;INVERNO COLEÇÃO 2;A.50018.1298.0002;MÉDIA;PRETO;1;1;1;1;0
INVERNO 2026;INVERNO COLEÇÃO 2;A.50018.1304.0004;PEQUENA;TOPO GREY;1;1;1;1;0
INVERNO 2026;INVERNO COLEÇÃO 2;A.50018.1307.0004;MÉDIA;TOPO GREY;1;1;1;1;0
INVERNO 2026;INVERNO COLEÇÃO 2;A.50023.0531.0060;MÉDIA;TRUE SAND;1;1;1;1;0
INVERNO 2026;INVERNO COLEÇÃO 2;A.50044.0009.0003;PEQUENA;SOUL NATURAL;1;1;1;1;0
INVERNO 2026;INVERNO COLEÇÃO 2;A.50014.0299.0134;GRANDE;PRETO/PRETO;1;1;1;1;0
INVERNO 2026;INVERNO COLEÇÃO 2;A.50014.0737.0005;GRANDE;NEW COCOA;1;1;1;1;0
INVERNO 2026;INVERNO COLEÇÃO 2;A.50015.2046.0001;GRANDE;PRETO;1;1;1;1;0
INVERNO 2026;INVERNO COLEÇÃO 2;A.50018.1238.0007;PEQUENA;NEW COCOA;1;1;1;1;0
INVERNO 2026;INVERNO COLEÇÃO 2;A.50018.1307.0003;MÉDIA;NEW COCOA;1;1;1;1;0
INVERNO 2026;INVERNO COLEÇÃO 2;A.50021.0644.0074;PEQUENA;PRETO;1;1;1;1;0
INVERNO 2026;INVERNO COLEÇÃO 2;A.50023.0531.0133;MÉDIA;DARK BORDO;1;1;1;1;0
INVERNO 2026;INVERNO COLEÇÃO 2;A.50023.0984.0003;PEQUENA;NEW COCOA;1;1;1;1;0
INVERNO 2026;INVERNO COLEÇÃO 2;A.50011.2027.0003;GRANDE;SOUL NATURAL;1;1;1;1;0
INVERNO 2026;INVERNO COLEÇÃO 2;A.50014.0746.0001;MÉDIA;PRETO/PRETO;1;1;1;1;0
INVERNO 2026;INVERNO COLEÇÃO 2;A.50015.2045.0002;PEQUENA;PANACOTA;1;1;1;1;0
INVERNO 2026;INVERNO COLEÇÃO 2;A.50018.1238.0006;PEQUENA;PRETO;1;1;1;1;0
INVERNO 2026;INVERNO COLEÇÃO 2;A.50018.1101.0023;PEQUENA;NATURAL/PRETO;1;1;1;1;0
INVERNO 2026;INVERNO COLEÇÃO 2;A.50018.1299.0004;PEQUENA;SOUL NATURAL;1;1;1;1;0
INVERNO 2026;INVERNO COLEÇÃO 2;A.50034.0078.0012;PEQUENA;SOUL NATURAL;1;1;1;1;0
INVERNO 2026;INVERNO COLEÇÃO 2;A.12016.0082.0094;SANDÁLIA SALTO RASTEIRO;TOPO GREY;9;9;0;0;0
INVERNO 2026;INVERNO COLEÇÃO 2;A.50045.0016.0001;NECESSAIRE;NEW COCOA;25;25;0;0;0
INVERNO 2026;INVERNO COLEÇÃO 2;A.03274.0012.0182;SANDÁLIA SALTO RASTEIRO;TRUE SAND;12;12;0;0;0
INVERNO 2026;INVERNO COLEÇÃO 2;A.11843.0028.0001;BOTA SALTO BAIXO;PRETO;8;8;0;0;0
INVERNO 2026;INVERNO COLEÇÃO 2;A.11964.0007.0001;BOTA SALTO ALTO;PRETO;9;9;0;0;0
INVERNO 2026;INVERNO COLEÇÃO 2;A.13871.0007.0001;SANDÁLIA SALTO BAIXO;SOUL NATURAL;8;8;0;0;0
INVERNO 2026;INVERNO COLEÇÃO 2;A.14148.0001.0002;SANDÁLIA SALTO MÉDIO;TRUE SAND;6;6;0;0;0
INVERNO 2026;INVERNO COLEÇÃO 2;A.02695.0708.0006;SANDÁLIA SALTO MÉDIO;PRETO;12;12;0;0;0
INVERNO 2026;INVERNO COLEÇÃO 2;A.03274.0151.0008;SANDÁLIA SALTO RASTEIRO;FRESH RUBY;12;12;0;0;0
INVERNO 2026;INVERNO COLEÇÃO 2;A.12663.0192.0001;SANDÁLIA SALTO ALTO;PRETO;4;4;0;0;0
INVERNO 2026;INVERNO COLEÇÃO 2;A.13291.0006.0001;BOTA SALTO MÉDIO;PRETO;6;6;0;0;0
INVERNO 2026;INVERNO COLEÇÃO 2;A.13757.0007.0003;FECHADO SALTO MÉDIO;CIOCCOLATO;9;9;0;0;0
INVERNO 2026;INVERNO COLEÇÃO 2;A.13757.0007.0004;FECHADO SALTO MÉDIO;PRETO;8;8;0;0;0
INVERNO 2026;INVERNO COLEÇÃO 2;A.02695.0636.0018;SANDÁLIA SALTO MÉDIO;TOPO GREY;8;8;0;0;0
INVERNO 2026;INVERNO COLEÇÃO 2;A.10055.1303.0004;SANDÁLIA SALTO MÉDIO;PRETO;8;8;0;0;0
INVERNO 2026;INVERNO COLEÇÃO 2;A.11037.0254.0001;SANDÁLIA SALTO ALTO;PRETO;7;7;0;0;0
INVERNO 2026;INVERNO COLEÇÃO 2;A.12754.0176.0003;FECHADO SALTO ALTO;PRETO;6;6;0;0;0
INVERNO 2026;INVERNO COLEÇÃO 2;A.13198.0007.0009;SANDÁLIA SALTO RASTEIRO;PRETO;12;12;0;0;0
INVERNO 2026;INVERNO COLEÇÃO 2;A.13219.0068.0001;FECHADO SALTO RASTEIRO;FRESH RUBY;12;12;0;0;0
INVERNO 2026;INVERNO COLEÇÃO 2;A.14148.0001.0001;SANDÁLIA SALTO MÉDIO;PRETO;6;6;0;0;0
INVERNO 2026;INVERNO COLEÇÃO 2;A.02695.0708.0005;SANDÁLIA SALTO MÉDIO;FRESH RUBY;12;12;0;0;0
INVERNO 2026;INVERNO COLEÇÃO 2;A.12016.0265.0004;SANDÁLIA SALTO RASTEIRO;TRUE SAND;12;12;0;0;0
INVERNO 2026;INVERNO COLEÇÃO 2;A.12016.0265.0005;SANDÁLIA SALTO RASTEIRO;FRESH RUBY;9;9;0;0;0
INVERNO 2026;INVERNO COLEÇÃO 2;A.12016.0265.0006;SANDÁLIA SALTO RASTEIRO;PRETO;9;9;0;0;0
INVERNO 2026;INVERNO COLEÇÃO 2;A.13219.0068.0002;FECHADO SALTO RASTEIRO;PRETO;9;9;0;0;0
INVERNO 2026;INVERNO COLEÇÃO 2;A.02695.0708.0004;SANDÁLIA SALTO MÉDIO;TRUE SAND;12;12;0;0;0
INVERNO 2026;INVERNO COLEÇÃO 2;A.04661.0013.0021;BOTA SALTO ALTO;SOUL NATURAL;8;8;0;0;0
INVERNO 2026;INVERNO COLEÇÃO 2;A.03274.0151.0005;SANDÁLIA SALTO RASTEIRO;PRETO;16;16;0;0;0
INVERNO 2026;INVERNO COLEÇÃO 2;A.13198.0007.0013;SANDÁLIA SALTO RASTEIRO;CIOCCOLATO;8;8;0;0;0
INVERNO 2026;INVERNO COLEÇÃO 2;A.13901.0037.0002;SANDÁLIA SALTO BAIXO;PLATINO;9;9;0;0;0
INVERNO 2026;INVERNO COLEÇÃO 2;A.14141.0002.0001;SANDÁLIA SALTO MÉDIO;NATURAL;8;8;0;0;0
INVERNO 2026;INVERNO COLEÇÃO 2;A.14146.0001.0002;FECHADO SALTO MÉDIO;PRETO;9;9;0;0;0
INVERNO 2026;INVERNO COLEÇÃO 2;A.14146.0003.0001;FECHADO SALTO MÉDIO;NATURAL;6;6;0;0;0
INVERNO 2026;INVERNO COLEÇÃO 2;A.50023.0974.0003;GRANDE;PRETO;2;2;0;0;0
INVERNO 2026;INVERNO COLEÇÃO 2;A.50044.0001.0001;PEQUENA;PRETO;2;2;0;0;0
INVERNO 2026;INVERNO COLEÇÃO 2;A.50021.1090.0003;MÉDIA;SOUL NATURAL;1;1;0;0;0
INVERNO 2026;INVERNO COLEÇÃO 2;A.50016.0242.0098;GRANDE;FRESH RUBY;2;2;0;0;0
INVERNO 2026;INVERNO COLEÇÃO 2;A.50021.1065.0001;GRANDE;PRETO;1;1;0;0;0
INVERNO 2026;INVERNO COLEÇÃO 2;A.50021.1077.0002;MÉDIA;PRETO;2;2;0;0;0
INVERNO 2026;INVERNO COLEÇÃO 2;A.50021.1089.0002;MÉDIA;DEEP LAGOON;1;1;0;0;0
INVERNO 2026;INVERNO COLEÇÃO 2;A.50023.0930.0006;MÉDIA;CIOCCOLATO/CIOCCOLATO;2;2;0;0;0
INVERNO 2026;INVERNO COLEÇÃO 2;A.50023.0985.0006;GRANDE;TOPO GREY/TOPO GREY;2;2;0;0;0
INVERNO 2026;INVERNO COLEÇÃO 2;A.50014.0748.0004;PEQUENA;NEW COCOA;1;1;0;0;0
INVERNO 2026;INVERNO COLEÇÃO 2;A.50023.0929.0001;GRANDE;PRETO;2;2;0;0;0
INVERNO 2026;INVERNO COLEÇÃO 2;A.50014.0747.0004;GRANDE;NEW COCOA;1;1;0;0;0
INVERNO 2026;INVERNO COLEÇÃO 2;A.50016.0243.0099;MÉDIA;FRESH RUBY;2;2;0;0;0
INVERNO 2026;INVERNO COLEÇÃO 2;A.50021.1022.0013;PEQUENA;SOUL NATURAL/SOUL NATURAL;2;2;0;0;0
INVERNO 2026;INVERNO COLEÇÃO 2;A.50018.1298.0004;MÉDIA;SOUL NATURAL;1;1;0;0;0
INVERNO 2026;INVERNO COLEÇÃO 2;A.50023.0929.0006;GRANDE;CIOCCOLATO/CIOCCOLATO;2;2;0;0;0
INVERNO 2026;INVERNO COLEÇÃO 2;A.50023.0930.0001;MÉDIA;PRETO;2;2;0;0;0
INVERNO 2026;INVERNO COLEÇÃO 2;A.50018.1306.0003;PEQUENA;PRETO/PRETO;1;1;0;0;0
INVERNO 2026;INVERNO COLEÇÃO 2;A.50021.1077.0003;MÉDIA;SOUL NATURAL;2;2;0;0;0
INVERNO 2026;INVERNO COLEÇÃO 2;A.02695.0708.0007;SANDÁLIA SALTO MÉDIO;PLATINO;12;12;0;0;0
INVERNO 2026;INVERNO COLEÇÃO 2;A.12743.0009.0007;FECHADO SALTO BAIXO;SOUL NATURAL;9;9;0;0;0
INVERNO 2026;INVERNO COLEÇÃO 2;A.13761.0006.0001;BOTA SALTO BAIXO;PRETO;9;9;0;0;0
INVERNO 2026;INVERNO COLEÇÃO 2;A.50021.1076.0002;PEQUENA;SOUL NATURAL/SOUL NATURAL;2;2;0;0;0
INVERNO 2026;INVERNO COLEÇÃO 2;A.13761.0006.0002;BOTA SALTO BAIXO;SOUL NATURAL;9;9;0;0;0
INVERNO 2026;INVERNO COLEÇÃO 2;A.13754.0008.0005;FECHADO SALTO MÉDIO;TRUE SAND;6;6;0;0;0
INVERNO 2026;INVERNO COLEÇÃO 1;A.02695.0715.0004;SANDÁLIA SALTO MÉDIO;OSSO;9;9;9;0;9
INVERNO 2026;INVERNO COLEÇÃO 1;A.13036.0001.0028;FECHADO SALTO RASTEIRO;CIOCCOLATO;12;12;12;4;8
INVERNO 2026;INVERNO COLEÇÃO 1;A.12743.0009.0007;FECHADO SALTO BAIXO;SOUL NATURAL;9;9;9;1;8
INVERNO 2026;INVERNO COLEÇÃO 1;A.13873.0001.0023;FECHADO SALTO RASTEIRO;SMOKE NUDE;9;9;9;1;8
INVERNO 2026;INVERNO COLEÇÃO 1;A.11336.0001.0011;SANDÁLIA SALTO MÉDIO;PRETO;8;8;8;0;8
INVERNO 2026;INVERNO COLEÇÃO 1;A.11336.0001.0015;SANDÁLIA SALTO MÉDIO;TRUE SAND;9;9;9;2;7
INVERNO 2026;INVERNO COLEÇÃO 1;A.03762.6723.0935;FECHADO SALTO RASTEIRO;PRATA VELHO;9;9;9;2;7
INVERNO 2026;INVERNO COLEÇÃO 1;A.13825.0002.0001;FECHADO SALTO RASTEIRO;PRETO;8;8;8;1;7
INVERNO 2026;INVERNO COLEÇÃO 1;A.14052.0001.0002;BOTA SALTO MÉDIO;SOUL NATURAL;9;9;9;3;6
INVERNO 2026;INVERNO COLEÇÃO 1;A.13239.0024.0004;FECHADO SALTO RASTEIRO;PLATINO;9;9;9;3;6
INVERNO 2026;INVERNO COLEÇÃO 1;A.11525.0054.0001;FECHADO SALTO RASTEIRO;PRETO;8;8;8;2;6
INVERNO 2026;INVERNO COLEÇÃO 1;A.13345.0001.0007;FECHADO SALTO RASTEIRO;BRANCO;6;6;6;0;6
INVERNO 2026;INVERNO COLEÇÃO 1;A.10688.0031.0018;FECHADO SALTO BAIXO;TRUE SAND;9;9;9;4;5
INVERNO 2026;INVERNO COLEÇÃO 1;A.02695.0715.0001;SANDÁLIA SALTO MÉDIO;PRETO;9;9;9;4;5
INVERNO 2026;INVERNO COLEÇÃO 1;A.13873.0001.0007;FECHADO SALTO RASTEIRO;PRETO;12;12;12;8;4
INVERNO 2026;INVERNO COLEÇÃO 1;A.13466.0010.0002;SANDÁLIA SALTO MÉDIO;OURO;10;10;10;6;4
INVERNO 2026;INVERNO COLEÇÃO 1;A.14081.0001.0004;FECHADO SALTO ALTO;PASSION RED;9;9;9;5;4
INVERNO 2026;INVERNO COLEÇÃO 1;A.11906.0097.0071;FECHADO SALTO RASTEIRO;SOUL NATURAL;9;9;9;5;4
INVERNO 2026;INVERNO COLEÇÃO 1;A.10253.0436.0022;FECHADO SALTO MÉDIO;SOUL NATURAL;9;9;9;5;4
INVERNO 2026;INVERNO COLEÇÃO 1;A.10377.0004.0016;BOTA SALTO BAIXO;SOUL NATURAL;9;9;9;5;4
INVERNO 2026;INVERNO COLEÇÃO 1;A.10253.0436.0002;FECHADO SALTO MÉDIO;PRETO;9;9;9;5;4
INVERNO 2026;INVERNO COLEÇÃO 1;A.10688.0031.0017;FECHADO SALTO BAIXO;PRETO(PALM);9;9;9;5;4
INVERNO 2026;INVERNO COLEÇÃO 1;A.11906.0097.0064;FECHADO SALTO RASTEIRO;PLATINO;9;9;9;5;4
INVERNO 2026;INVERNO COLEÇÃO 1;A.13239.0024.0003;FECHADO SALTO RASTEIRO;FRESH RUBY;9;9;9;5;4
INVERNO 2026;INVERNO COLEÇÃO 1;A.13901.0003.0029;SANDÁLIA SALTO BAIXO;SOUL NATURAL;9;9;9;5;4
INVERNO 2026;INVERNO COLEÇÃO 1;A.13757.0001.0013;FECHADO SALTO MÉDIO;TRUE SAND;8;8;8;4;4
INVERNO 2026;INVERNO COLEÇÃO 1;A.11525.0054.0002;FECHADO SALTO RASTEIRO;TRUE SAND;8;8;8;4;4
INVERNO 2026;INVERNO COLEÇÃO 1;A.13117.0023.0002;FECHADO SALTO RASTEIRO;TRUE SAND/FRESH RUBY;8;8;8;4;4
INVERNO 2026;INVERNO COLEÇÃO 1;A.14059.0001.0002;BOTA SALTO BAIXO;SOUL NATURAL;8;8;8;4;4
INVERNO 2026;INVERNO COLEÇÃO 1;A.11906.0097.0053;FECHADO SALTO RASTEIRO;PRETO;9;9;9;6;3
INVERNO 2026;INVERNO COLEÇÃO 1;A.10253.0001.0334;FECHADO SALTO MÉDIO;SAILFISH;9;9;9;6;3
INVERNO 2026;INVERNO COLEÇÃO 1;A.14052.0004.0002;BOTA SALTO MÉDIO;PRETO;9;9;9;6;3
INVERNO 2026;INVERNO COLEÇÃO 1;A.14052.0004.0003;BOTA SALTO MÉDIO;SOUL NATURAL;9;9;9;6;3
INVERNO 2026;INVERNO COLEÇÃO 1;A.13940.0001.0017;FECHADO SALTO BAIXO;PRETO;9;9;9;6;3
INVERNO 2026;INVERNO COLEÇÃO 1;A.13239.0027.0004;FECHADO SALTO RASTEIRO;PLATINO;8;8;8;5;3
INVERNO 2026;INVERNO COLEÇÃO 1;A.13964.0023.0003;SANDÁLIA SALTO RASTEIRO;PRETO;8;8;8;5;3
INVERNO 2026;INVERNO COLEÇÃO 1;A.13967.0008.0002;SANDÁLIA SALTO ALTO;PRETO;8;8;8;5;3
INVERNO 2026;INVERNO COLEÇÃO 1;A.13825.0002.0003;FECHADO SALTO RASTEIRO;NEW HAZELNUT/AMARETTO;8;8;8;5;3
INVERNO 2026;INVERNO COLEÇÃO 1;A.14015.0003.0001;FECHADO SALTO MÉDIO;TRUE SAND;8;8;8;5;3
INVERNO 2026;INVERNO COLEÇÃO 1;A.10281.0242.0061;SANDÁLIA SALTO ALTO;TOPO GREY;6;6;6;3;3
INVERNO 2026;INVERNO COLEÇÃO 1;A.13657.0008.0003;SANDÁLIA SALTO MÉDIO;SOUL NATURAL;6;6;6;3;3
INVERNO 2026;INVERNO COLEÇÃO 1;A.13345.0001.0006;FECHADO SALTO RASTEIRO;PRETO;6;6;6;3;3
INVERNO 2026;INVERNO COLEÇÃO 1;A.14049.0005.0001;SANDÁLIA SALTO MÉDIO;TRUE SAND;6;6;6;3;3
INVERNO 2026;INVERNO COLEÇÃO 1;A.43000.0746.0001;LARGO;PRETO;3;3;3;0;3
INVERNO 2026;INVERNO COLEÇÃO 1;A.12899.0001.0001;BOTA SALTO MÉDIO;PRETO;12;12;12;10;2
INVERNO 2026;INVERNO COLEÇÃO 1;A.13722.0001.0011;BOTA SALTO MÉDIO;NEW COCOA;12;12;12;10;2
INVERNO 2026;INVERNO COLEÇÃO 1;A.13964.0024.0001;SANDÁLIA SALTO RASTEIRO;PRETO;12;12;12;10;2
INVERNO 2026;INVERNO COLEÇÃO 1;A.10281.0340.0002;SANDÁLIA SALTO ALTO;SOUL NATURAL;9;9;9;7;2
INVERNO 2026;INVERNO COLEÇÃO 1;A.10253.0001.0335;FECHADO SALTO MÉDIO;CIOCCOLATO;9;9;9;7;2
INVERNO 2026;INVERNO COLEÇÃO 1;A.13900.0001.0004;SANDÁLIA SALTO MÉDIO;MILIATR GREEN;9;9;9;7;2
INVERNO 2026;INVERNO COLEÇÃO 1;A.13239.0024.0001;FECHADO SALTO RASTEIRO;SOUL NATURAL;9;9;9;7;2
INVERNO 2026;INVERNO COLEÇÃO 1;A.03762.6723.0980;FECHADO SALTO RASTEIRO;SOUL NATURAL;9;9;9;7;2
INVERNO 2026;INVERNO COLEÇÃO 1;A.13964.0024.0002;SANDÁLIA SALTO RASTEIRO;OURO;9;9;9;7;2
INVERNO 2026;INVERNO COLEÇÃO 1;A.13569.0077.0003;SANDÁLIA SALTO RASTEIRO;FRESH RUBY;9;9;9;7;2
INVERNO 2026;INVERNO COLEÇÃO 1;A.10281.0340.0003;SANDÁLIA SALTO ALTO;PLATINO;9;9;9;7;2
INVERNO 2026;INVERNO COLEÇÃO 1;A.13967.0008.0001;SANDÁLIA SALTO ALTO;FRESH RUBY;8;8;8;6;2
INVERNO 2026;INVERNO COLEÇÃO 1;A.12017.0001.0001;BOTA SALTO BAIXO;PRETO;8;8;8;6;2
INVERNO 2026;INVERNO COLEÇÃO 1;A.13967.0008.0003;SANDÁLIA SALTO ALTO;PLATINO;8;8;8;6;2
INVERNO 2026;INVERNO COLEÇÃO 1;A.10055.0683.0064;SANDÁLIA SALTO MÉDIO;TOPO GREY;8;8;8;6;2
INVERNO 2026;INVERNO COLEÇÃO 1;A.13692.0003.0002;FECHADO SALTO BAIXO;PRETO;8;8;8;6;2
INVERNO 2026;INVERNO COLEÇÃO 1;A.13825.0004.0001;FECHADO SALTO RASTEIRO;PRETO;8;8;8;6;2
INVERNO 2026;INVERNO COLEÇÃO 1;A.14082.0002.0003;SANDÁLIA SALTO ALTO;PASSION RED/FRESH RUBY;6;6;6;4;2
INVERNO 2026;INVERNO COLEÇÃO 1;A.13466.0010.0004;SANDÁLIA SALTO MÉDIO;OSSO;6;6;6;4;2
INVERNO 2026;INVERNO COLEÇÃO 1;A.14048.0003.0003;SANDÁLIA SALTO ALTO;PRETO/BRANCO;6;6;6;4;2
INVERNO 2026;INVERNO COLEÇÃO 1;A.13594.0021.0001;SANDÁLIA SALTO RASTEIRO;SOUL NATURAL;6;6;6;4;2
INVERNO 2026;INVERNO COLEÇÃO 1;A.43000.0541.0021;FINO;PASSION RED;3;3;3;1;2
INVERNO 2026;INVERNO COLEÇÃO 1;A.43000.0541.0001;FINO;PRETO;3;3;3;1;2
INVERNO 2026;INVERNO COLEÇÃO 1;A.13657.0012.0004;FECHADO SALTO MÉDIO;PRETO;9;9;3;1;2
INVERNO 2026;INVERNO COLEÇÃO 1;A.50029.0183.0002;MÉDIA;ROAST CARAMEL;2;2;2;0;2
INVERNO 2026;INVERNO COLEÇÃO 1;A.50029.0184.0002;PEQUENA;ROAST CARAMEL;2;2;2;0;2
INVERNO 2026;INVERNO COLEÇÃO 1;A.50014.0480.0001;GRANDE;PRETO;2;2;2;0;2
INVERNO 2026;INVERNO COLEÇÃO 1;A.50018.0617.0009;MÉDIA;PRETO;2;2;2;0;2
INVERNO 2026;INVERNO COLEÇÃO 1;A.50024.0411.0001;MÉDIA;PRETO;2;2;2;0;2
INVERNO 2026;INVERNO COLEÇÃO 1;A.58100.0497.0061;GRANDE;NEW COCOA/NEW COCOA;2;2;2;0;2
INVERNO 2026;INVERNO COLEÇÃO 1;A.50011.0884.0010;PEQUENA;SOUL NATURAL;2;2;2;0;2
INVERNO 2026;INVERNO COLEÇÃO 1;A.13761.0001.0001;BOTA SALTO BAIXO;PRETO;9;9;9;8;1
INVERNO 2026;INVERNO COLEÇÃO 1;A.10253.0001.0336;FECHADO SALTO MÉDIO;TOPO GREY;9;9;9;8;1
INVERNO 2026;INVERNO COLEÇÃO 1;A.11906.0157.0002;FECHADO SALTO RASTEIRO;SOUL NATURAL;9;9;9;8;1
INVERNO 2026;INVERNO COLEÇÃO 1;A.13466.0011.0002;SANDÁLIA SALTO MÉDIO;SOUL NATURAL;9;9;9;8;1
INVERNO 2026;INVERNO COLEÇÃO 1;A.10377.0004.0002;BOTA SALTO BAIXO;PRETO;9;9;9;8;1
INVERNO 2026;INVERNO COLEÇÃO 1;A.10055.1296.0001;SANDÁLIA SALTO MÉDIO;PANACOTA;9;9;9;8;1
INVERNO 2026;INVERNO COLEÇÃO 1;A.13657.0012.0001;FECHADO SALTO MÉDIO;PANACOTA/PRETO;9;9;9;8;1
INVERNO 2026;INVERNO COLEÇÃO 1;A.13239.0027.0003;FECHADO SALTO RASTEIRO;PANACOTA;8;8;8;7;1
INVERNO 2026;INVERNO COLEÇÃO 1;A.13964.0023.0002;SANDÁLIA SALTO RASTEIRO;FRESH RUBY;8;8;8;7;1
INVERNO 2026;INVERNO COLEÇÃO 1;A.14015.0003.0002;FECHADO SALTO MÉDIO;NEW COCOA;8;8;8;7;1
INVERNO 2026;INVERNO COLEÇÃO 1;A.14052.0001.0001;BOTA SALTO MÉDIO;PRETO;8;8;8;7;1
INVERNO 2026;INVERNO COLEÇÃO 1;A.13657.0014.0001;FECHADO SALTO MÉDIO;PRETO;8;8;8;7;1
INVERNO 2026;INVERNO COLEÇÃO 1;A.13692.0003.0005;FECHADO SALTO BAIXO;SOUL NATURAL;8;8;8;7;1
INVERNO 2026;INVERNO COLEÇÃO 1;A.13346.0001.0005;BOTA SALTO BAIXO;NEW COCOA;8;8;8;7;1
INVERNO 2026;INVERNO COLEÇÃO 1;A.14033.0001.0005;FECHADO SALTO ALTO;CIOCCOLATO;8;8;8;7;1
INVERNO 2026;INVERNO COLEÇÃO 1;A.13757.0001.0001;FECHADO SALTO MÉDIO;PRETO;8;8;8;7;1
INVERNO 2026;INVERNO COLEÇÃO 1;A.10613.0012.0005;BOTA SALTO MÉDIO;PRETO;8;8;8;7;1
INVERNO 2026;INVERNO COLEÇÃO 1;A.13701.0022.0005;FECHADO SALTO ALTO;STRACCI;8;8;8;7;1
INVERNO 2026;INVERNO COLEÇÃO 1;A.14077.0003.0001;FECHADO SALTO ALTO;PRETO;6;6;6;5;1
INVERNO 2026;INVERNO COLEÇÃO 1;A.13457.0045.0001;FECHADO SALTO RASTEIRO;PRETO;6;6;6;5;1
INVERNO 2026;INVERNO COLEÇÃO 1;A.13457.0045.0004;FECHADO SALTO RASTEIRO;SOUL NATURAL;6;6;6;5;1
INVERNO 2026;INVERNO COLEÇÃO 1;A.13901.0003.0031;SANDÁLIA SALTO BAIXO;PRETO;6;6;6;5;1
INVERNO 2026;INVERNO COLEÇÃO 1;A.13896.0001.0002;SANDÁLIA SALTO MÉDIO;NEW COCOA;6;6;6;5;1
INVERNO 2026;INVERNO COLEÇÃO 1;A.14049.0003.0003;SANDÁLIA SALTO MÉDIO;PRETO-BRANCO;6;6;6;5;1
INVERNO 2026;INVERNO COLEÇÃO 1;A.14048.0003.0004;SANDÁLIA SALTO ALTO;BLUSH MIST;6;6;6;5;1
INVERNO 2026;INVERNO COLEÇÃO 1;A.14049.0005.0002;SANDÁLIA SALTO MÉDIO;NEW COCOA;6;6;6;5;1
INVERNO 2026;INVERNO COLEÇÃO 1;A.14015.0004.0001;FECHADO SALTO MÉDIO;TRUE SAND;4;4;4;3;1
INVERNO 2026;INVERNO COLEÇÃO 1;A.50023.0964.0001;PEQUENA;PRETO/PRETO;3;3;3;2;1
INVERNO 2026;INVERNO COLEÇÃO 1;A.50023.0964.0002;PEQUENA;SOUL NATURAL/SOUL NATURAL;3;3;3;2;1
INVERNO 2026;INVERNO COLEÇÃO 1;A.43000.0479.0018;FINO;SOUL NATURAL;3;3;3;2;1
INVERNO 2026;INVERNO COLEÇÃO 1;A.43000.0479.0006;FINO;PRETO;3;3;3;2;1
INVERNO 2026;INVERNO COLEÇÃO 1;A.50029.0184.0001;PEQUENA;PRETO;2;2;2;1;1
INVERNO 2026;INVERNO COLEÇÃO 1;A.50029.0183.0003;MÉDIA;TRUE SAND;2;2;2;1;1
INVERNO 2026;INVERNO COLEÇÃO 1;A.57100.2608.0002;MÉDIA;WARM CARAMEL;2;2;2;1;1
INVERNO 2026;INVERNO COLEÇÃO 1;A.57100.2498.0002;MÉDIA;CARAMEL;2;2;2;1;1
INVERNO 2026;INVERNO COLEÇÃO 1;A.50023.0044.0157;PEQUENA;SOUL NATURAL;2;2;2;1;1
INVERNO 2026;INVERNO COLEÇÃO 1;A.58100.0499.0052;PEQUENA;NEW COCOA/NEW COCOA;2;2;2;1;1
INVERNO 2026;INVERNO COLEÇÃO 1;A.50011.0884.0001;PEQUENA;PRETO;2;2;2;1;1
INVERNO 2026;INVERNO COLEÇÃO 1;A.50018.0617.0054;MÉDIA;CIOCCOLATO;2;2;2;1;1
INVERNO 2026;INVERNO COLEÇÃO 1;A.50023.0614.0018;GRANDE;CIOCCOLATO;2;2;2;1;1
INVERNO 2026;INVERNO COLEÇÃO 1;A.50014.0300.0130;MÉDIA;PRETO/PRETO;2;2;2;1;1
INVERNO 2026;INVERNO COLEÇÃO 1;A.50023.0729.0015;PEQUENA;STRACCI;2;2;2;1;1
INVERNO 2026;INVERNO COLEÇÃO 1;A.50014.0480.0003;GRANDE;EXPRESSO BROWN;2;2;2;1;1
INVERNO 2026;INVERNO COLEÇÃO 1;A.50014.0481.0001;PEQUENA;PRETO;1;1;1;0;1
INVERNO 2026;INVERNO COLEÇÃO 1;A.50018.1101.0016;PEQUENA;PLATINO;1;1;1;0;1
INVERNO 2026;INVERNO COLEÇÃO 1;A.50024.0412.0001;PEQUENA;PRETO;1;1;1;0;1
INVERNO 2026;INVERNO COLEÇÃO 1;A.50014.0481.0019;PEQUENA;SMOKE NUDE;1;1;1;0;1
INVERNO 2026;INVERNO COLEÇÃO 1;A.50018.1271.0004;GRANDE;PRETO;1;1;1;0;1
INVERNO 2026;INVERNO COLEÇÃO 1;A.50021.0907.0001;PEQUENA;PRETO;1;1;1;0;1
INVERNO 2026;INVERNO COLEÇÃO 1;A.50024.0412.0015;PEQUENA;CIOCCOLATO;1;1;1;0;1
INVERNO 2026;INVERNO COLEÇÃO 1;A.50014.0483.0014;PEQUENA;SMOKE NUDE;1;1;1;0;1
INVERNO 2026;INVERNO COLEÇÃO 1;A.50018.1101.0015;PEQUENA;SILVER;1;1;1;0;1
INVERNO 2026;INVERNO COLEÇÃO 1;A.50018.1267.0002;GRANDE;SOUL NATURAL;1;1;1;0;1
INVERNO 2026;INVERNO COLEÇÃO 1;A.50023.0533.0137;PEQUENA;FRESH RUBY;1;1;1;0;1
INVERNO 2026;INVERNO COLEÇÃO 1;A.50023.0533.0133;PEQUENA;NEW COCOA;1;1;1;0;1
INVERNO 2026;INVERNO COLEÇÃO 1;A.50024.0410.0001;GRANDE;PRETO;1;1;1;0;1
INVERNO 2026;INVERNO COLEÇÃO 1;A.50011.0895.0004;GRANDE;FRESH RUBI;1;1;1;0;1
INVERNO 2026;INVERNO COLEÇÃO 1;A.50014.0300.0132;MÉDIA;FRESH RUBY/FRESH RUBY;1;1;1;0;1
INVERNO 2026;INVERNO COLEÇÃO 1;A.50014.0480.0019;GRANDE;SMOKE NUDE;1;1;1;0;1
INVERNO 2026;INVERNO COLEÇÃO 1;A.50018.0652.0001;GRANDE;PRETO;1;1;1;0;1
INVERNO 2026;INVERNO COLEÇÃO 1;A.50023.0531.0132;MÉDIA;FRESH RUBY;1;1;1;0;1
INVERNO 2026;INVERNO COLEÇÃO 1;A.50014.0482.0010;PEQUENA;SMOKE NUDE;1;1;1;0;1
INVERNO 2026;INVERNO COLEÇÃO 1;A.50023.0531.0129;MÉDIA;NEW COCOA;1;1;1;0;1
INVERNO 2026;INVERNO COLEÇÃO 1;A.14080.0001.0001;FECHADO SALTO MÉDIO;CARAMELO;12;12;12;12;0
INVERNO 2026;INVERNO COLEÇÃO 1;A.03274.0117.0049;SANDÁLIA SALTO RASTEIRO;MILITAR GREEN;12;12;12;12;0
INVERNO 2026;INVERNO COLEÇÃO 1;A.03274.0117.0029;SANDÁLIA SALTO RASTEIRO;FRESH RUBY;12;12;12;12;0
INVERNO 2026;INVERNO COLEÇÃO 1;A.12016.0082.0086;SANDÁLIA SALTO RASTEIRO;MILITAR GREEN;12;12;12;12;0
INVERNO 2026;INVERNO COLEÇÃO 1;A.11906.0157.0004;FECHADO SALTO RASTEIRO;PRETO;9;9;9;9;0
INVERNO 2026;INVERNO COLEÇÃO 1;A.13569.0077.0001;SANDÁLIA SALTO RASTEIRO;SOUL NATURAL;9;9;9;9;0
INVERNO 2026;INVERNO COLEÇÃO 1;A.13900.0001.0002;SANDÁLIA SALTO MÉDIO;PRETO;9;9;9;9;0
INVERNO 2026;INVERNO COLEÇÃO 1;A.11879.0001.0001;BOTA SALTO MÉDIO;PRETO;9;9;9;9;0
INVERNO 2026;INVERNO COLEÇÃO 1;A.13642.0092.0001;SANDÁLIA SALTO RASTEIRO;SOUL NATURAL;9;9;9;9;0
INVERNO 2026;INVERNO COLEÇÃO 1;A.04599.0214.0006;FECHADO SALTO RASTEIRO;PRETO;9;9;9;9;0
INVERNO 2026;INVERNO COLEÇÃO 1;A.10055.1296.0002;SANDÁLIA SALTO MÉDIO;SOUL NATURAL;9;9;9;9;0
INVERNO 2026;INVERNO COLEÇÃO 1;A.02695.0719.0003;SANDÁLIA SALTO MÉDIO;PRETO;9;9;9;9;0
INVERNO 2026;INVERNO COLEÇÃO 1;A.13466.0011.0003;SANDÁLIA SALTO MÉDIO;PLATINO;9;9;9;9;0
INVERNO 2026;INVERNO COLEÇÃO 1;A.03274.0117.0047;SANDÁLIA SALTO RASTEIRO;SOUL NATURAL;9;9;9;9;0
INVERNO 2026;INVERNO COLEÇÃO 1;A.13757.0004.0003;FECHADO SALTO MÉDIO;CIOCCOLATO;9;9;9;9;0
INVERNO 2026;INVERNO COLEÇÃO 1;A.13346.0001.0001;BOTA SALTO BAIXO;PRETO;8;8;8;8;0
INVERNO 2026;INVERNO COLEÇÃO 1;A.13426.0003.0024;FECHADO SALTO RASTEIRO;MILITAR GREEN;8;8;8;8;0
INVERNO 2026;INVERNO COLEÇÃO 1;A.13701.0022.0004;FECHADO SALTO ALTO;NEW COCOA;8;8;8;8;0
INVERNO 2026;INVERNO COLEÇÃO 1;A.13466.0010.0001;SANDÁLIA SALTO MÉDIO;PRETO;8;8;8;8;0
INVERNO 2026;INVERNO COLEÇÃO 1;A.13692.0006.0020;FECHADO SALTO BAIXO;PRETO;8;8;8;8;0
INVERNO 2026;INVERNO COLEÇÃO 1;A.13761.0001.0003;BOTA SALTO BAIXO;SOUL NATURAL;8;8;8;8;0
INVERNO 2026;INVERNO COLEÇÃO 1;A.14015.0006.0001;FECHADO SALTO MÉDIO;PRETO-BRANCO/PRETO;8;8;8;8;0
INVERNO 2026;INVERNO COLEÇÃO 1;A.04599.0214.0032;FECHADO SALTO RASTEIRO;CIOCCOLATO;8;8;8;8;0
INVERNO 2026;INVERNO COLEÇÃO 1;A.13426.0003.0012;FECHADO SALTO RASTEIRO;FRESH RUBY;8;8;8;8;0
INVERNO 2026;INVERNO COLEÇÃO 1;A.13650.0029.0001;FECHADO SALTO RASTEIRO;CIOCCOLATO;8;8;8;8;0
INVERNO 2026;INVERNO COLEÇÃO 1;A.13036.0001.0027;FECHADO SALTO RASTEIRO;TOPO GREY;8;8;8;8;0
INVERNO 2026;INVERNO COLEÇÃO 1;A.14059.0001.0001;BOTA SALTO BAIXO;PRETO;8;8;8;8;0
INVERNO 2026;INVERNO COLEÇÃO 1;A.13692.0006.0021;FECHADO SALTO BAIXO;CIOCCOLATO;8;8;8;8;0
INVERNO 2026;INVERNO COLEÇÃO 1;A.11906.0097.0072;FECHADO SALTO RASTEIRO;PASSION RED;8;8;8;8;0
INVERNO 2026;INVERNO COLEÇÃO 1;A.12754.0174.0002;FECHADO SALTO ALTO;NEW COCOA;8;8;8;8;0
INVERNO 2026;INVERNO COLEÇÃO 1;A.13754.0005.0003;FECHADO SALTO MÉDIO;CIOCCOLATO;8;8;8;8;0
INVERNO 2026;INVERNO COLEÇÃO 1;A.14015.0006.0002;FECHADO SALTO MÉDIO;PANACOTA-CIOCCOLATO;8;8;8;8;0
INVERNO 2026;INVERNO COLEÇÃO 1;A.14076.0001.0002;SANDÁLIA SALTO ALTO;FRESH RUBY;6;6;6;6;0
INVERNO 2026;INVERNO COLEÇÃO 1;A.11525.0054.0005;FECHADO SALTO RASTEIRO;TOPO GREY;6;6;6;6;0
INVERNO 2026;INVERNO COLEÇÃO 1;A.12743.0009.0004;FECHADO SALTO BAIXO;PRETO;6;6;6;6;0
INVERNO 2026;INVERNO COLEÇÃO 1;A.13665.0006.0001;SANDÁLIA SALTO ALTO;OURO;6;6;6;6;0
INVERNO 2026;INVERNO COLEÇÃO 1;A.13457.0042.0001;FECHADO SALTO RASTEIRO;PRETO;6;6;6;6;0
INVERNO 2026;INVERNO COLEÇÃO 1;A.12757.0204.0001;FECHADO SALTO BAIXO;PRETO;6;6;6;6;0
INVERNO 2026;INVERNO COLEÇÃO 1;A.13346.0012.0001;BOTA SALTO BAIXO;NEW COCOA;6;6;6;6;0
INVERNO 2026;INVERNO COLEÇÃO 1;A.13807.0005.0001;SANDÁLIA SALTO ALTO;PRETO;6;6;6;6;0
INVERNO 2026;INVERNO COLEÇÃO 1;A.10281.0242.0060;SANDÁLIA SALTO ALTO;BRANCO;6;6;6;6;0
INVERNO 2026;INVERNO COLEÇÃO 1;A.10635.0010.0013;SANDÁLIA SALTO MÉDIO;PRETO;6;6;6;6;0
INVERNO 2026;INVERNO COLEÇÃO 1;A.12016.0267.0003;SANDÁLIA SALTO RASTEIRO;NATURAL;6;6;6;6;0
INVERNO 2026;INVERNO COLEÇÃO 1;A.02695.0719.0001;SANDÁLIA SALTO MÉDIO;NEW COCOA;6;6;6;6;0
INVERNO 2026;INVERNO COLEÇÃO 1;A.13692.0014.0002;FECHADO SALTO BAIXO;NEW COCOA;6;6;6;6;0
INVERNO 2026;INVERNO COLEÇÃO 1;A.12016.0267.0005;SANDÁLIA SALTO RASTEIRO;NEW COCOA;6;6;6;6;0
INVERNO 2026;INVERNO COLEÇÃO 1;A.13211.0021.0002;FECHADO SALTO MÉDIO;NEW COCOA;6;6;6;6;0
INVERNO 2026;INVERNO COLEÇÃO 1;A.13692.0014.0001;FECHADO SALTO BAIXO;SOUL NATURAL;6;6;6;6;0
INVERNO 2026;INVERNO COLEÇÃO 1;A.13807.0005.0002;SANDÁLIA SALTO ALTO;SOUL NATURAL;6;6;6;6;0
INVERNO 2026;INVERNO COLEÇÃO 1;A.13901.0033.0001;SANDÁLIA SALTO BAIXO;OURO;6;6;6;6;0
INVERNO 2026;INVERNO COLEÇÃO 1;A.03762.6723.0901;FECHADO SALTO RASTEIRO;PANACOTA;6;6;6;6;0
INVERNO 2026;INVERNO COLEÇÃO 1;A.14015.0004.0002;FECHADO SALTO MÉDIO;NEW COCOA;4;4;4;4;0
INVERNO 2026;INVERNO COLEÇÃO 1;A.50011.0723.0009;PEQUENA;FRESH RUBY;3;3;3;3;0
INVERNO 2026;INVERNO COLEÇÃO 1;A.43000.0745.0002;MÉDIO;CIOCCOLATO;3;3;3;3;0
INVERNO 2026;INVERNO COLEÇÃO 1;A.43000.0746.0002;LARGO;CIOCCOLATO;3;3;3;3;0
INVERNO 2026;INVERNO COLEÇÃO 1;A.43000.0479.0007;FINO;PANACOTA;3;3;3;3;0
INVERNO 2026;INVERNO COLEÇÃO 1;A.43000.0525.0044;MÉDIO;MARROM;3;3;3;3;0
INVERNO 2026;INVERNO COLEÇÃO 1;A.43000.0525.0040;MÉDIO;PASSION RED;3;3;3;3;0
INVERNO 2026;INVERNO COLEÇÃO 1;A.50029.0116.0001;PEQUENA;PRETO;2;2;2;2;0
INVERNO 2026;INVERNO COLEÇÃO 1;A.50029.0116.0002;PEQUENA;LENHA;2;2;2;2;0
INVERNO 2026;INVERNO COLEÇÃO 1;A.57100.2498.0003;MÉDIA;PANACOTA;2;2;2;2;0
INVERNO 2026;INVERNO COLEÇÃO 1;A.57100.2597.0001;GRANDE;PRETO;2;2;2;2;0
INVERNO 2026;INVERNO COLEÇÃO 1;A.57100.2597.0003;GRANDE;TOPO GREY;2;2;2;2;0
INVERNO 2026;INVERNO COLEÇÃO 1;A.57100.2498.0001;MÉDIA;PRETO;2;2;2;2;0
INVERNO 2026;INVERNO COLEÇÃO 1;A.57100.2597.0002;GRANDE;CACAU BROWN;2;2;2;2;0
INVERNO 2026;INVERNO COLEÇÃO 1;A.57100.2608.0001;MÉDIA;PRETO;2;2;2;2;0
INVERNO 2026;INVERNO COLEÇÃO 1;A.50029.0116.0003;PEQUENA;LIGHT MOCCA;2;2;2;2;0
INVERNO 2026;INVERNO COLEÇÃO 1;A.50029.0183.0001;MÉDIA;PRETO;2;2;2;2;0
INVERNO 2026;INVERNO COLEÇÃO 1;A.40002.0946.0001;LOW MÉDIA;PRETO;2;2;2;2;0
INVERNO 2026;INVERNO COLEÇÃO 1;A.40002.0946.0002;LOW MÉDIA;CACAU BROWN;2;2;2;2;0
INVERNO 2026;INVERNO COLEÇÃO 1;A.40011.0277.0010;LOW PEQUENA;PASSION RED;2;2;2;2;0
INVERNO 2026;INVERNO COLEÇÃO 1;A.50023.0816.0002;GRANDE;NEW COCOA;2;2;2;2;0
INVERNO 2026;INVERNO COLEÇÃO 1;A.50011.0670.0054;PEQUENA;MILITAR GREEN/MILITAR GREEN;2;2;2;2;0
INVERNO 2026;INVERNO COLEÇÃO 1;A.50014.0299.0127;GRANDE;PRETO/PRETO;2;2;2;2;0
INVERNO 2026;INVERNO COLEÇÃO 1;A.50014.0727.0003;GRANDE;FRESH RUBY;2;2;2;2;0
INVERNO 2026;INVERNO COLEÇÃO 1;A.50021.1049.0001;PEQUENA;PRETO/PRETO;2;2;2;2;0
INVERNO 2026;INVERNO COLEÇÃO 1;A.50021.1049.0005;PEQUENA;CIOCCOLATO/CIOCCOLATO;2;2;2;2;0
INVERNO 2026;INVERNO COLEÇÃO 1;A.50023.0016.0171;MÉDIA;SOUL NATURAL;2;2;2;2;0
INVERNO 2026;INVERNO COLEÇÃO 1;A.50018.1035.0009;MÉDIA;FRESH RUBY;2;2;2;2;0
INVERNO 2026;INVERNO COLEÇÃO 1;A.50014.0299.0128;GRANDE;SOUL NATURAL/SOUL NATURAL;2;2;2;2;0
INVERNO 2026;INVERNO COLEÇÃO 1;A.50018.1034.0009;GRANDE;FRESH RUBY;2;2;2;2;0
INVERNO 2026;INVERNO COLEÇÃO 1;A.50023.0729.0010;PEQUENA;NEW COCOA;2;2;2;2;0
INVERNO 2026;INVERNO COLEÇÃO 1;A.50011.0670.0009;PEQUENA;PANACOTA;2;2;2;2;0
INVERNO 2026;INVERNO COLEÇÃO 1;A.50018.1035.0007;MÉDIA;TRUE SAND;2;2;2;2;0
INVERNO 2026;INVERNO COLEÇÃO 1;A.50023.0044.0121;PEQUENA;PANACOTA;2;2;2;2;0
INVERNO 2026;INVERNO COLEÇÃO 1;A.50023.0452.0081;GRANDE;FRESH RUBY;2;2;2;2;0
INVERNO 2026;INVERNO COLEÇÃO 1;A.50023.0954.0003;MÉDIA;MILITAR GREEN;2;2;2;2;0
INVERNO 2026;INVERNO COLEÇÃO 1;A.50014.0300.0131;MÉDIA;SOUL NATURAL/SOUL NATURAL;2;2;2;2;0
INVERNO 2026;INVERNO COLEÇÃO 1;A.50018.1034.0007;GRANDE;TRUE SAND;2;2;2;2;0
INVERNO 2026;INVERNO COLEÇÃO 1;A.50023.0954.0002;MÉDIA;CIOCCOLATO;2;2;2;2;0
INVERNO 2026;INVERNO COLEÇÃO 1;A.50023.0816.0003;GRANDE;SOUL NATURAL;2;2;2;2;0
INVERNO 2026;INVERNO COLEÇÃO 1;A.50011.0723.0049;PEQUENA;NEW COCOA;2;2;2;2;0
INVERNO 2026;INVERNO COLEÇÃO 1;A.40011.0277.0001;LOW PEQUENA;PRETO;1;1;1;1;0
INVERNO 2026;INVERNO COLEÇÃO 1;A.40011.1060.0001;LOW MÉDIA;FRESH RUBY;1;1;1;1;0
INVERNO 2026;INVERNO COLEÇÃO 1;A.40011.1060.0004;LOW MÉDIA;PRETO;1;1;1;1;0
INVERNO 2026;INVERNO COLEÇÃO 1;A.50014.0482.0001;PEQUENA;PRETO;1;1;1;1;0
INVERNO 2026;INVERNO COLEÇÃO 1;A.50018.1262.0005;GRANDE;SOUL NATURAL;1;1;1;1;0
INVERNO 2026;INVERNO COLEÇÃO 1;A.50018.1265.0001;GRANDE;FRESH RUBY;1;1;1;1;0
INVERNO 2026;INVERNO COLEÇÃO 1;A.50018.1270.0004;MÉDIA;TOPO GREY;1;1;1;1;0
INVERNO 2026;INVERNO COLEÇÃO 1;A.50018.1271.0001;GRANDE;STRACCI;1;1;1;1;0
INVERNO 2026;INVERNO COLEÇÃO 1;A.50018.1272.0001;MÉDIA;STRACCI;1;1;1;1;0
INVERNO 2026;INVERNO COLEÇÃO 1;A.50021.1044.0005;MÉDIA;CIOCCOLATO/CIOCCOLATO;1;1;1;1;0
INVERNO 2026;INVERNO COLEÇÃO 1;A.50023.0016.0134;MÉDIA;PANACOTA;1;1;1;1;0
INVERNO 2026;INVERNO COLEÇÃO 1;A.50011.0896.0001;PEQUENA;PRETO;1;1;1;1;0
INVERNO 2026;INVERNO COLEÇÃO 1;A.50014.0481.0003;PEQUENA;EXPRESSO BROWN;1;1;1;1;0
INVERNO 2026;INVERNO COLEÇÃO 1;A.50014.0728.0003;PEQUENA;FRESH RUBY;1;1;1;1;0
INVERNO 2026;INVERNO COLEÇÃO 1;A.50018.1264.0004;MÉDIA;PRETO;1;1;1;1;0
INVERNO 2026;INVERNO COLEÇÃO 1;A.50021.1041.0002;GRANDE;SOUL NATURAL;1;1;1;1;0
INVERNO 2026;INVERNO COLEÇÃO 1;A.50023.0817.0003;MÉDIA;SOUL NATURAL;1;1;1;1;0
INVERNO 2026;INVERNO COLEÇÃO 1;A.50018.0589.0054;PEQUENA;FRESH RUBY;1;1;1;1;0
INVERNO 2026;INVERNO COLEÇÃO 1;A.50018.1265.0004;GRANDE;PRETO;1;1;1;1;0
INVERNO 2026;INVERNO COLEÇÃO 1;A.50021.1041.0001;GRANDE;PRETO;1;1;1;1;0
INVERNO 2026;INVERNO COLEÇÃO 1;A.50021.1056.0002;GRANDE;NEW COCOA/NEW COCOA;1;1;1;1;0
INVERNO 2026;INVERNO COLEÇÃO 1;A.50014.0299.0129;GRANDE;FRESH RUBY/FRESH RUBY;1;1;1;1;0
INVERNO 2026;INVERNO COLEÇÃO 1;A.50014.0723.0001;MÉDIA;PASSION RED;1;1;1;1;0
INVERNO 2026;INVERNO COLEÇÃO 1;A.50018.1269.0001;GRANDE;PRETO;1;1;1;1;0
INVERNO 2026;INVERNO COLEÇÃO 1;A.50024.0410.0018;GRANDE;TRUE SAND;1;1;1;1;0
INVERNO 2026;INVERNO COLEÇÃO 1;A.50011.0895.0001;GRANDE;PRETO;1;1;1;1;0
INVERNO 2026;INVERNO COLEÇÃO 1;A.50011.1038.0003;MÉDIA;PANACOTA;1;1;1;1;0
INVERNO 2026;INVERNO COLEÇÃO 1;A.50011.1043.0003;GRANDE;PANACOTA;1;1;1;1;0
INVERNO 2026;INVERNO COLEÇÃO 1;A.50015.0604.0010;GRANDE;SOUL NATURAL;1;1;1;1;0
INVERNO 2026;INVERNO COLEÇÃO 1;A.50018.1264.0001;MÉDIA;FRESH RUBY;1;1;1;1;0
INVERNO 2026;INVERNO COLEÇÃO 1;A.50023.0423.0096;PEQUENA;CIOCCOLATO/CIOCCOLATO;1;1;1;1;0
INVERNO 2026;INVERNO COLEÇÃO 1;A.50011.1043.0002;GRANDE;NEW COCOA;1;1;1;1;0
INVERNO 2026;INVERNO COLEÇÃO 1;A.50018.0589.0037;PEQUENA;PRETO;1;1;1;1;0
INVERNO 2026;INVERNO COLEÇÃO 1;A.50018.0617.0036;MÉDIA;FRESH RUBY;1;1;1;1;0
INVERNO 2026;INVERNO COLEÇÃO 1;A.50018.1273.0006;GRANDE;SOUL NATURAL;1;1;1;1;0
INVERNO 2026;INVERNO COLEÇÃO 1;A.50021.1042.0002;MÉDIA;SOUL NATURAL;1;1;1;1;0
INVERNO 2026;INVERNO COLEÇÃO 1;A.50011.0896.0004;PEQUENA;FRESH RUBI;1;1;1;1;0
INVERNO 2026;INVERNO COLEÇÃO 1;A.50011.1038.0002;MÉDIA;NEW COCOA;1;1;1;1;0
INVERNO 2026;INVERNO COLEÇÃO 1;A.50011.2024.0003;GRANDE;FRESH RUBY;1;1;1;1;0
INVERNO 2026;INVERNO COLEÇÃO 1;A.50015.0645.0003;GRANDE;FRESH RUBY;1;1;1;1;0
INVERNO 2026;INVERNO COLEÇÃO 1;A.50018.1281.0002;MÉDIA;NEW COCOA;1;1;1;1;0
INVERNO 2026;INVERNO COLEÇÃO 1;A.50011.2025.0001;PEQUENA;PRETO;1;1;1;1;0
INVERNO 2026;INVERNO COLEÇÃO 1;A.50014.0482.0003;PEQUENA;EXPRESSO BROWN;1;1;1;1;0
INVERNO 2026;INVERNO COLEÇÃO 1;A.50014.0483.0003;PEQUENA;EXPRESSO BROWN;1;1;1;1;0
INVERNO 2026;INVERNO COLEÇÃO 1;A.50014.0723.0002;MÉDIA;CIOCCOLATO;1;1;1;1;0
INVERNO 2026;INVERNO COLEÇÃO 1;A.50018.1272.0004;MÉDIA;PRETO;1;1;1;1;0
INVERNO 2026;INVERNO COLEÇÃO 1;A.50021.1042.0001;MÉDIA;PRETO;1;1;1;1;0
INVERNO 2026;INVERNO COLEÇÃO 1;A.50021.1044.0001;MÉDIA;PRETO/PRETO;1;1;1;1;0
INVERNO 2026;INVERNO COLEÇÃO 1;A.50021.1056.0001;GRANDE;PRETO/PRETO;1;1;1;1;0
INVERNO 2026;INVERNO COLEÇÃO 1;A.50024.0410.0019;GRANDE;CIOCCOLATO;1;1;1;1;0
INVERNO 2026;INVERNO COLEÇÃO 1;A.50024.0412.0014;PEQUENA;TRUE SAND;1;1;1;1;0
INVERNO 2026;INVERNO COLEÇÃO 1;A.50014.0722.0001;GRANDE;PASSION RED;1;1;1;1;0
INVERNO 2026;INVERNO COLEÇÃO 1;A.50018.1266.0002;GRANDE;SOUL NATURAL;1;1;1;1;0
INVERNO 2026;INVERNO COLEÇÃO 1;A.50018.1275.0006;MÉDIA;SOUL NATURAL;1;1;1;1;0
INVERNO 2026;INVERNO COLEÇÃO 1;A.50023.0412.0094;MÉDIA;CIOCCOLATO/CIOCCOLATO;1;1;1;1;0
INVERNO 2026;INVERNO COLEÇÃO 1;A.50023.0817.0002;MÉDIA;NEW COCOA;1;1;1;1;0
INVERNO 2026;INVERNO COLEÇÃO 1;A.50015.0604.0013;GRANDE;PRETO;1;1;1;1;0
INVERNO 2026;INVERNO COLEÇÃO 1;A.50029.0249.0002;GRANDE;CARAMEL;2;2;0;0;0
INVERNO 2026;INVERNO COLEÇÃO 1;A.50029.0252.0001;MÉDIA;PRETO;2;2;0;0;0
INVERNO 2026;INVERNO COLEÇÃO 1;A.50029.0252.0002;MÉDIA;ROAST CARAMEL;2;2;0;0;0
INVERNO 2026;INVERNO COLEÇÃO 1;A.50029.0252.0003;MÉDIA;LIGHT PEWTER;2;2;0;0;0
INVERNO 2026;INVERNO COLEÇÃO 1;A.40011.0188.0015;NEUTRAL PEQUENA;PRETO;2;2;0;0;0
INVERNO 2026;INVERNO COLEÇÃO 1;A.50018.1262.0001;GRANDE;PRETO;1;1;0;0;0
INVERNO 2026;INVERNO COLEÇÃO 1;A.50018.1269.0004;GRANDE;TOPO GREY;1;1;0;0;0
INVERNO 2026;INVERNO COLEÇÃO 1;A.50023.0953.0003;GRANDE;MILITAR GREEN;2;2;0;0;0
INVERNO 2026;INVERNO COLEÇÃO 1;A.50023.0953.0002;GRANDE;CIOCCOLATO;2;2;0;0;0
INVERNO 2026;INVERNO COLEÇÃO 1;A.13657.0012.0002;FECHADO SALTO MÉDIO;TRUE SAND/FRESH RUBY;8;8;0;0;0
INVERNO 2026;INVERNO COLEÇÃO 1;A.13065.0021.0020;SANDÁLIA SALTO RASTEIRO;PRETO/CROMADO;12;12;0;0;0
INVERNO 2026;INVERNO COLEÇÃO 1;A.13666.0032.0001;SANDÁLIA SALTO BAIXO;PLATINO/SOUL NATURAL;9;9;0;0;0
INVERNO 2026;INVERNO COLEÇÃO 1;A.13666.0032.0003;SANDÁLIA SALTO BAIXO;PANACOTA/PLATINO;9;9;0;0;0
INVERNO 2026;INVERNO COLEÇÃO 1;A.14033.0001.0002;FECHADO SALTO ALTO;PRETO;8;8;0;0;0
INVERNO 2026;INVERNO COLEÇÃO 1;A.12030.0001.0089;FECHADO SALTO RASTEIRO;FRESH RUBY;8;8;0;0;0
INVERNO 2026;INVERNO COLEÇÃO 1;A.13065.0021.0023;SANDÁLIA SALTO RASTEIRO;PLATINO;9;9;0;0;0
INVERNO 2026;INVERNO COLEÇÃO 3;A.12754.0178.0008;FECHADO SALTO ALTO;CARMINE RED;8;8;8;0;8
INVERNO 2026;INVERNO COLEÇÃO 3;A.12930.0099.0011;FECHADO SALTO MÉDIO;COUNTRY CARAMEL;8;8;8;0;8
INVERNO 2026;INVERNO COLEÇÃO 3;A.13855.0021.0003;FECHADO SALTO BAIXO;TRUE SAND;9;9;9;2;7
INVERNO 2026;INVERNO COLEÇÃO 3;A.12754.0178.0013;FECHADO SALTO ALTO;SAILFISH;8;8;8;1;7
INVERNO 2026;INVERNO COLEÇÃO 3;A.13855.0021.0002;FECHADO SALTO BAIXO;CREMA WHITE;9;9;9;3;6
INVERNO 2026;INVERNO COLEÇÃO 3;A.13791.0017.0002;SANDÁLIA SALTO ALTO;FRESH RUBY;9;9;9;3;6
INVERNO 2026;INVERNO COLEÇÃO 3;A.12754.0178.0011;FECHADO SALTO ALTO;COUNTRY CARAMEL;8;8;8;2;6
INVERNO 2026;INVERNO COLEÇÃO 3;A.12930.0099.0013;FECHADO SALTO MÉDIO;SAILFISH;8;8;8;2;6
INVERNO 2026;INVERNO COLEÇÃO 3;A.12757.0210.0008;FECHADO SALTO BAIXO;SAILFISH;8;8;8;2;6
INVERNO 2026;INVERNO COLEÇÃO 3;A.12524.0048.0003;SANDÁLIA SALTO ALTO;PRETO;9;9;9;4;5
INVERNO 2026;INVERNO COLEÇÃO 3;A.13791.0017.0003;SANDÁLIA SALTO ALTO;PRETO;9;9;9;4;5
INVERNO 2026;INVERNO COLEÇÃO 3;A.12930.0099.0008;FECHADO SALTO MÉDIO;CARMINE RED;8;8;8;3;5
INVERNO 2026;INVERNO COLEÇÃO 3;A.12757.0210.0006;FECHADO SALTO BAIXO;COUNTRY CARAMEL;8;8;8;3;5
INVERNO 2026;INVERNO COLEÇÃO 3;A.13400.0001.0007;FECHADO SALTO RASTEIRO;BRUMA/MULTI;9;9;9;5;4
INVERNO 2026;INVERNO COLEÇÃO 3;A.14157.0001.0002;FECHADO SALTO RASTEIRO;ICED GREY-URBAN CUOIO/NERI BROWN;6;6;6;2;4
INVERNO 2026;INVERNO COLEÇÃO 3;A.12016.0275.0005;SANDÁLIA SALTO RASTEIRO;PRETO;9;9;9;6;3
INVERNO 2026;INVERNO COLEÇÃO 3;A.12757.0210.0003;FECHADO SALTO BAIXO;CARMINE RED;8;8;8;5;3
INVERNO 2026;INVERNO COLEÇÃO 3;A.13400.0001.0006;FECHADO SALTO RASTEIRO;BRANCO/MULTI;6;6;6;3;3
INVERNO 2026;INVERNO COLEÇÃO 3;A.47001.0003.0001;BLUSA;OFF WHITE GARDENIA;3;3;3;0;3
INVERNO 2026;INVERNO COLEÇÃO 3;A.13466.0012.0009;SANDÁLIA SALTO MÉDIO;NEW COCOA;9;9;9;7;2
INVERNO 2026;INVERNO COLEÇÃO 3;A.46069.1033.0001;MEIA;GARDENIA/GARDEN/CAPPUCCINO/WHITECAP GRAY;4;4;4;2;2
INVERNO 2026;INVERNO COLEÇÃO 3;A.50014.0774.0001;PEQUENA;PLATINO;2;2;2;0;2
INVERNO 2026;INVERNO COLEÇÃO 3;A.50014.0774.0002;PEQUENA;SILVER;2;2;2;0;2
INVERNO 2026;INVERNO COLEÇÃO 3;A.50014.0774.0005;PEQUENA;FRESH RUBY;2;2;2;0;2
INVERNO 2026;INVERNO COLEÇÃO 3;A.12016.0275.0002;SANDÁLIA SALTO RASTEIRO;NATURAL;9;9;9;8;1
INVERNO 2026;INVERNO COLEÇÃO 3;A.12524.0048.0002;SANDÁLIA SALTO ALTO;FRESH RUBY;9;9;9;8;1
INVERNO 2026;INVERNO COLEÇÃO 3;A.14155.0001.0004;FECHADO SALTO RASTEIRO;COAT BROWN/NERO BROWN;6;6;6;5;1
INVERNO 2026;INVERNO COLEÇÃO 3;A.12016.0275.0003;SANDÁLIA SALTO RASTEIRO;STRACCI;9;9;9;9;0
INVERNO 2026;INVERNO COLEÇÃO 3;A.13477.0024.0001;FECHADO SALTO MÉDIO;CARMINE RED;4;4;4;4;0
INVERNO 2026;INVERNO COLEÇÃO 3;A.50021.1078.0002;GRANDE;NEW TERRA/NEW TERRA;1;1;1;1;0
INVERNO 2026;INVERNO COLEÇÃO 3;A.50021.1079.0001;GRANDE;PRETO/PRETO;1;1;1;1;0
INVERNO 2026;ATEMPORAIS;A.12030.0001.0002;FECHADO SALTO RASTEIRO;PRETO;11;11;11;0;11
INVERNO 2026;ATEMPORAIS;A.03274.0012.0114;SANDÁLIA SALTO RASTEIRO;PLATINO;11;11;11;1;10
INVERNO 2026;ATEMPORAIS;A.12030.0001.0014;FECHADO SALTO RASTEIRO;PANACOTA;10;10;10;1;9
INVERNO 2026;ATEMPORAIS;A.10253.0001.0004;FECHADO SALTO MÉDIO;PRETO;9;9;9;0;9
INVERNO 2026;ATEMPORAIS;A.10253.0001.0289;FECHADO SALTO MÉDIO;TRUE SAND;9;9;9;1;8
INVERNO 2026;ATEMPORAIS;A.03274.0012.0009;SANDÁLIA SALTO RASTEIRO;PRETO;8;8;8;0;8
INVERNO 2026;ATEMPORAIS;A.12030.0001.0006;FECHADO SALTO RASTEIRO;PLATINO;7;7;7;0;7
INVERNO 2026;ATEMPORAIS;A.11057.0001.0012;SANDÁLIA SALTO RASTEIRO;MELADO;6;6;6;0;6
INVERNO 2026;ATEMPORAIS;A.12016.0082.0070;SANDÁLIA SALTO RASTEIRO;WARM CARAMEL;6;6;6;0;6
INVERNO 2026;ATEMPORAIS;A.11218.0044.0001;FECHADO SALTO RASTEIRO;BRANCO/PLATINO/OFF WHITE/PRETO;6;6;6;0;6
INVERNO 2026;ATEMPORAIS;A.10055.0598.0025;SANDÁLIA SALTO MÉDIO;ROAST CARAMEL;6;6;6;0;6
INVERNO 2026;ATEMPORAIS;A.03034.6580.0012;BOTA SALTO BAIXO;PRETO;16;16;16;11;5
INVERNO 2026;ATEMPORAIS;A.10055.0598.0017;SANDÁLIA SALTO MÉDIO;PRETO (PALMILHA CAXAMBU);6;6;6;1;5
INVERNO 2026;ATEMPORAIS;A.03762.6723.0861;FECHADO SALTO RASTEIRO;PLATINO;5;5;5;0;5
INVERNO 2026;ATEMPORAIS;A.50011.0723.0001;PEQUENA;PRETO;9;9;9;5;4
INVERNO 2026;ATEMPORAIS;A.10055.0598.0007;SANDÁLIA SALTO MÉDIO;PLATINO;8;8;8;4;4
INVERNO 2026;ATEMPORAIS;A.03034.6586.0003;BOTA SALTO BAIXO;PRETO;8;8;8;4;4
INVERNO 2026;ATEMPORAIS;A.02695.0026.0085;SANDÁLIA SALTO MÉDIO;PRETO;4;4;4;0;4
INVERNO 2026;ATEMPORAIS;A.11057.0001.0130;SANDÁLIA SALTO RASTEIRO;PLATINO;4;4;4;0;4
INVERNO 2026;ATEMPORAIS;A.11904.0084.0005;FECHADO SALTO BAIXO;PRETO;4;4;4;0;4
INVERNO 2026;ATEMPORAIS;A.04202.0001.0079;FECHADO SALTO RASTEIRO;PANACOTA/PANACOTA/PRETO;4;4;4;0;4
INVERNO 2026;ATEMPORAIS;A.50011.0723.0003;PEQUENA;RUST ORANGE;3;3;3;0;3
INVERNO 2026;ATEMPORAIS;A.02695.0026.0355;SANDÁLIA SALTO MÉDIO;TRUE SAND;3;3;3;0;3
INVERNO 2026;ATEMPORAIS;A.03762.6723.0915;FECHADO SALTO RASTEIRO;TRUE SAND;3;3;3;0;3
INVERNO 2026;ATEMPORAIS;A.11904.0084.0015;FECHADO SALTO BAIXO;TRUE SAND;3;3;3;0;3
INVERNO 2026;ATEMPORAIS;A.50023.0452.0032;GRANDE;PRETO;3;3;3;0;3
INVERNO 2026;ATEMPORAIS;A.50023.0036.0091;PEQUENA;PRETO;4;4;4;2;2
INVERNO 2026;ATEMPORAIS;A.50011.0670.0001;PEQUENA;PRETO;4;4;4;2;2
INVERNO 2026;ATEMPORAIS;A.10746.0001.0031;FECHADO SALTO BAIXO;PRETO;2;2;2;0;2
INVERNO 2026;ATEMPORAIS;A.11186.0001.0010;FECHADO SALTO RASTEIRO;GELO-BRANCO;2;2;2;0;2
INVERNO 2026;ATEMPORAIS;A.03762.6723.0207;FECHADO SALTO RASTEIRO;PRETO;2;2;2;0;2
INVERNO 2026;ATEMPORAIS;A.10055.0598.0003;SANDÁLIA SALTO MÉDIO;PANACOTA;2;2;2;0;2
INVERNO 2026;ATEMPORAIS;A.12016.0082.0089;SANDÁLIA SALTO RASTEIRO;SOUL NATURAL;2;2;2;1;1
INVERNO 2026;ATEMPORAIS;A.10613.0001.0004;BOTA SALTO MÉDIO;PRETO;7;7;7;7;0
INVERNO 2026;CICLOS;A.14146.0001.0003;FECHADO SALTO MÉDIO;FRESH RUBY;9;9;9;3;6
INVERNO 2026;CICLOS;A.13346.0012.0001;BOTA SALTO BAIXO;NEW COCOA;6;6;6;3;3
INVERNO 2026;CICLOS;A.13855.0019.0001;FECHADO SALTO BAIXO;SOUL NATURAL;3;3;3;0;3
INVERNO 2026;CICLOS;A.13346.0001.0001;BOTA SALTO BAIXO;PRETO;6;6;6;4;2
INVERNO 2026;CICLOS;A.13211.0001.0014;FECHADO SALTO MÉDIO;HOT BRANDY;6;6;6;5;1
INVERNO 2026;CICLOS;A.13211.0001.0005;FECHADO SALTO MÉDIO;MILKY WHITE;6;6;6;5;1
INVERNO 2026;CICLOS;A.13734.0004.0005;BOTA SALTO BAIXO;NEW COCOA;6;6;6;6;0
INVERNO 2026;CICLOS;A.12757.0207.0003;BOTA SALTO BAIXO;NEW COCOA;6;6;6;6;0
INVERNO 2026;REPOSIÇÃO GA;A.50024.0410.0019;GRANDE;CIOCCOLATO;4;4;4;0;4
INVERNO 2026;REPOSIÇÃO GA;A.57100.2597.0001;GRANDE;PRETO;2;2;2;1;1
INVERNO 2026;REPOSIÇÃO GA;A.13873.0020.0002;FECHADO SALTO RASTEIRO;PRETO;1;1;1;0;1
INVERNO 2026;REPOSIÇÃO GA;A.11906.0097.0071;FECHADO SALTO RASTEIRO;SOUL NATURAL;1;1;1;0;1
INVERNO 2026;REPOSIÇÃO GA;A.14059.0001.0001;BOTA SALTO BAIXO;PRETO;1;1;1;0;1
INVERNO 2026;REPOSIÇÃO GA;A.12030.0001.0089;FECHADO SALTO RASTEIRO;FRESH RUBY;1;1;1;0;1
INVERNO 2026;REPOSIÇÃO GA;A.12030.0001.0126;FECHADO SALTO RASTEIRO;TOPO GREY;1;1;1;0;1
INVERNO 2026;REPOSIÇÃO GA;A.13701.0022.0004;FECHADO SALTO ALTO;NEW COCOA;6;6;6;6;0
INVERNO 2026;REPOSIÇÃO GA;A.13650.0029.0001;FECHADO SALTO RASTEIRO;CIOCCOLATO;2;2;2;2;0
INVERNO 2026;REPOSIÇÃO GA;A.13157.0001.0044;SANDÁLIA SALTO RASTEIRO;TOPO GREY;1;1;1;1;0
INVERNO 2026;REPOSIÇÃO GA;A.13157.0001.0046;SANDÁLIA SALTO RASTEIRO;CIOCCOLATO;1;1;1;1;0
INVERNO 2026;REPOSIÇÃO GA;A.12417.0001.0026;FECHADO SALTO BAIXO;STRACCI;1;1;0;0;0
INVERNO 2026;REPOSIÇÃO GA;A.13457.0045.0004;FECHADO SALTO RASTEIRO;SOUL NATURAL;1;1;0;0;0
